{
 "type": "FeatureCollection",
 "name": "Kure Kart course",
 "features": [
  {
   "type": "Feature",
   "properties": {
    "name": "呉グランプリ コース (呉駅 → 音戸大橋)",
    "length_m": 12783,
    "stroke": "#e63946",
    "stroke-width": 5
   },
   "geometry": {
    "type": "LineString",
    "coordinates": [
     [
      132.557476,
      34.245434
     ],
     [
      132.55752,
      34.245431
     ],
     [
      132.557563,
      34.245431
     ],
     [
      132.557607,
      34.245434
     ],
     [
      132.557649,
      34.245441
     ],
     [
      132.55769,
      34.245453
     ],
     [
      132.557729,
      34.245467
     ],
     [
      132.557767,
      34.245485
     ],
     [
      132.557803,
      34.245506
     ],
     [
      132.557838,
      34.245527
     ],
     [
      132.557871,
      34.245551
     ],
     [
      132.557903,
      34.245575
     ],
     [
      132.557935,
      34.245599
     ],
     [
      132.557966,
      34.245624
     ],
     [
      132.557998,
      34.245649
     ],
     [
      132.558029,
      34.245673
     ],
     [
      132.558062,
      34.245699
     ],
     [
      132.558093,
      34.245722
     ],
     [
      132.558127,
      34.245746
     ],
     [
      132.55816,
      34.245769
     ],
     [
      132.558194,
      34.245791
     ],
     [
      132.558229,
      34.245813
     ],
     [
      132.558264,
      34.245835
     ],
     [
      132.5583,
      34.245855
     ],
     [
      132.558336,
      34.245875
     ],
     [
      132.558371,
      34.245896
     ],
     [
      132.558406,
      34.245917
     ],
     [
      132.558442,
      34.245938
     ],
     [
      132.558476,
      34.24596
     ],
     [
      132.558511,
      34.245983
     ],
     [
      132.558543,
      34.246005
     ],
     [
      132.558576,
      34.246029
     ],
     [
      132.558609,
      34.246054
     ],
     [
      132.55864,
      34.246079
     ],
     [
      132.55867,
      34.246104
     ],
     [
      132.558701,
      34.246129
     ],
     [
      132.558731,
      34.246156
     ],
     [
      132.558761,
      34.246182
     ],
     [
      132.558791,
      34.246208
     ],
     [
      132.55882,
      34.246235
     ],
     [
      132.55885,
      34.246261
     ],
     [
      132.55888,
      34.246287
     ],
     [
      132.55891,
      34.246313
     ],
     [
      132.558939,
      34.24634
     ],
     [
      132.558968,
      34.246366
     ],
     [
      132.558998,
      34.246394
     ],
     [
      132.559027,
      34.24642
     ],
     [
      132.559055,
      34.246447
     ],
     [
      132.559085,
      34.246474
     ],
     [
      132.559113,
      34.246502
     ],
     [
      132.559141,
      34.246529
     ],
     [
      132.559169,
      34.246556
     ],
     [
      132.559198,
      34.246584
     ],
     [
      132.559226,
      34.246612
     ],
     [
      132.559253,
      34.246639
     ],
     [
      132.559281,
      34.246667
     ],
     [
      132.559309,
      34.246694
     ],
     [
      132.559338,
      34.246722
     ],
     [
      132.559366,
      34.246749
     ],
     [
      132.559394,
      34.246776
     ],
     [
      132.559422,
      34.246804
     ],
     [
      132.559451,
      34.246831
     ],
     [
      132.55948,
      34.246858
     ],
     [
      132.559508,
      34.246885
     ],
     [
      132.559537,
      34.246912
     ],
     [
      132.559566,
      34.246939
     ],
     [
      132.559594,
      34.246966
     ],
     [
      132.559622,
      34.246993
     ],
     [
      132.559652,
      34.247021
     ],
     [
      132.55968,
      34.247048
     ],
     [
      132.559709,
      34.247075
     ],
     [
      132.559738,
      34.247102
     ],
     [
      132.559767,
      34.247129
     ],
     [
      132.559795,
      34.247156
     ],
     [
      132.559825,
      34.247183
     ],
     [
      132.559853,
      34.24721
     ],
     [
      132.559881,
      34.247237
     ],
     [
      132.55991,
      34.247264
     ],
     [
      132.559939,
      34.247291
     ],
     [
      132.559968,
      34.247318
     ],
     [
      132.559996,
      34.247345
     ],
     [
      132.560026,
      34.247372
     ],
     [
      132.560054,
      34.247399
     ],
     [
      132.560082,
      34.247426
     ],
     [
      132.56011,
      34.247453
     ],
     [
      132.56014,
      34.24748
     ],
     [
      132.560168,
      34.247508
     ],
     [
      132.560196,
      34.247535
     ],
     [
      132.560223,
      34.247563
     ],
     [
      132.560252,
      34.24759
     ],
     [
      132.56028,
      34.247618
     ],
     [
      132.560307,
      34.247646
     ],
     [
      132.560334,
      34.247675
     ],
     [
      132.56036,
      34.247704
     ],
     [
      132.560384,
      34.247734
     ],
     [
      132.560407,
      34.247764
     ],
     [
      132.560427,
      34.247796
     ],
     [
      132.560441,
      34.24783
     ],
     [
      132.560445,
      34.247866
     ],
     [
      132.56044,
      34.247902
     ],
     [
      132.560423,
      34.247936
     ],
     [
      132.560402,
      34.247966
     ],
     [
      132.560374,
      34.247994
     ],
     [
      132.560344,
      34.24802
     ],
     [
      132.560314,
      34.248046
     ],
     [
      132.560282,
      34.248071
     ],
     [
      132.560249,
      34.248094
     ],
     [
      132.560217,
      34.248119
     ],
     [
      132.560184,
      34.248142
     ],
     [
      132.560152,
      34.248166
     ],
     [
      132.560119,
      34.24819
     ],
     [
      132.560086,
      34.248213
     ],
     [
      132.560053,
      34.248238
     ],
     [
      132.56002,
      34.248261
     ],
     [
      132.559988,
      34.248284
     ],
     [
      132.559955,
      34.248308
     ],
     [
      132.559921,
      34.248331
     ],
     [
      132.559889,
      34.248355
     ],
     [
      132.559856,
      34.248379
     ],
     [
      132.559823,
      34.248403
     ],
     [
      132.55979,
      34.248426
     ],
     [
      132.559757,
      34.248449
     ],
     [
      132.559725,
      34.248474
     ],
     [
      132.559692,
      34.248497
     ],
     [
      132.559659,
      34.248521
     ],
     [
      132.559627,
      34.248545
     ],
     [
      132.559594,
      34.248568
     ],
     [
      132.559562,
      34.248592
     ],
     [
      132.559528,
      34.248616
     ],
     [
      132.559495,
      34.24864
     ],
     [
      132.559463,
      34.248663
     ],
     [
      132.55943,
      34.248686
     ],
     [
      132.559396,
      34.24871
     ],
     [
      132.559364,
      34.248733
     ],
     [
      132.55933,
      34.248757
     ],
     [
      132.559297,
      34.24878
     ],
     [
      132.559264,
      34.248804
     ],
     [
      132.559231,
      34.248826
     ],
     [
      132.559198,
      34.24885
     ],
     [
      132.559165,
      34.248873
     ],
     [
      132.559131,
      34.248896
     ],
     [
      132.559098,
      34.24892
     ],
     [
      132.559065,
      34.248942
     ],
     [
      132.559031,
      34.248966
     ],
     [
      132.558999,
      34.248989
     ],
     [
      132.558965,
      34.249012
     ],
     [
      132.558931,
      34.249035
     ],
     [
      132.558899,
      34.249059
     ],
     [
      132.558865,
      34.249082
     ],
     [
      132.558832,
      34.249106
     ],
     [
      132.558799,
      34.249128
     ],
     [
      132.558765,
      34.249152
     ],
     [
      132.558732,
      34.249175
     ],
     [
      132.558699,
      34.249197
     ],
     [
      132.558665,
      34.249221
     ],
     [
      132.558631,
      34.249243
     ],
     [
      132.558598,
      34.249266
     ],
     [
      132.558564,
      34.249289
     ],
     [
      132.55853,
      34.249312
     ],
     [
      132.558497,
      34.249335
     ],
     [
      132.558464,
      34.249358
     ],
     [
      132.55843,
      34.249381
     ],
     [
      132.558397,
      34.249404
     ],
     [
      132.558363,
      34.249426
     ],
     [
      132.558329,
      34.249449
     ],
     [
      132.558294,
      34.249471
     ],
     [
      132.55826,
      34.249493
     ],
     [
      132.558225,
      34.249515
     ],
     [
      132.558189,
      34.249535
     ],
     [
      132.558153,
      34.249555
     ],
     [
      132.558116,
      34.249575
     ],
     [
      132.558079,
      34.249593
     ],
     [
      132.558042,
      34.249611
     ],
     [
      132.558004,
      34.249629
     ],
     [
      132.557965,
      34.249646
     ],
     [
      132.557927,
      34.249663
     ],
     [
      132.557888,
      34.24968
     ],
     [
      132.55785,
      34.249696
     ],
     [
      132.557811,
      34.249712
     ],
     [
      132.557772,
      34.249727
     ],
     [
      132.557733,
      34.249744
     ],
     [
      132.557695,
      34.24976
     ],
     [
      132.557655,
      34.249776
     ],
     [
      132.557616,
      34.249792
     ],
     [
      132.557577,
      34.249808
     ],
     [
      132.557538,
      34.249823
     ],
     [
      132.557498,
      34.249838
     ],
     [
      132.557459,
      34.249853
     ],
     [
      132.557419,
      34.249867
     ],
     [
      132.557378,
      34.24988
     ],
     [
      132.557337,
      34.249892
     ],
     [
      132.557296,
      34.249904
     ],
     [
      132.557254,
      34.249916
     ],
     [
      132.557213,
      34.249926
     ],
     [
      132.557172,
      34.249937
     ],
     [
      132.55713,
      34.249946
     ],
     [
      132.557088,
      34.249956
     ],
     [
      132.557046,
      34.249966
     ],
     [
      132.557005,
      34.249976
     ],
     [
      132.556963,
      34.249986
     ],
     [
      132.556921,
      34.249996
     ],
     [
      132.55688,
      34.250006
     ],
     [
      132.556837,
      34.250015
     ],
     [
      132.556796,
      34.250025
     ],
     [
      132.556754,
      34.250035
     ],
     [
      132.556711,
      34.250044
     ],
     [
      132.55667,
      34.250054
     ],
     [
      132.556627,
      34.250064
     ],
     [
      132.556586,
      34.250073
     ],
     [
      132.556544,
      34.250082
     ],
     [
      132.556501,
      34.250092
     ],
     [
      132.55646,
      34.2501
     ],
     [
      132.556418,
      34.250108
     ],
     [
      132.556374,
      34.250115
     ],
     [
      132.556332,
      34.250121
     ],
     [
      132.556288,
      34.250125
     ],
     [
      132.556245,
      34.250126
     ],
     [
      132.556201,
      34.250124
     ],
     [
      132.556159,
      34.250118
     ],
     [
      132.556117,
      34.250108
     ],
     [
      132.556077,
      34.250095
     ],
     [
      132.556038,
      34.250079
     ],
     [
      132.556,
      34.25006
     ],
     [
      132.555966,
      34.250039
     ],
     [
      132.555931,
      34.250017
     ],
     [
      132.555898,
      34.249993
     ],
     [
      132.555866,
      34.249969
     ],
     [
      132.555834,
      34.249944
     ],
     [
      132.555804,
      34.249919
     ],
     [
      132.555773,
      34.249893
     ],
     [
      132.555743,
      34.249867
     ],
     [
      132.555714,
      34.249841
     ],
     [
      132.555684,
      34.249814
     ],
     [
      132.555655,
      34.249788
     ],
     [
      132.555626,
      34.249761
     ],
     [
      132.555596,
      34.249734
     ],
     [
      132.555568,
      34.249707
     ],
     [
      132.555539,
      34.24968
     ],
     [
      132.55551,
      34.249653
     ],
     [
      132.555482,
      34.249626
     ],
     [
      132.555454,
      34.249599
     ],
     [
      132.555424,
      34.249572
     ],
     [
      132.555396,
      34.249544
     ],
     [
      132.555368,
      34.249517
     ],
     [
      132.55534,
      34.249489
     ],
     [
      132.555311,
      34.249462
     ],
     [
      132.555283,
      34.249435
     ],
     [
      132.555255,
      34.249407
     ],
     [
      132.555226,
      34.24938
     ],
     [
      132.555197,
      34.249353
     ],
     [
      132.555169,
      34.249325
     ],
     [
      132.555141,
      34.249298
     ],
     [
      132.555113,
      34.24927
     ],
     [
      132.555084,
      34.249243
     ],
     [
      132.555056,
      34.249216
     ],
     [
      132.555028,
      34.249188
     ],
     [
      132.555001,
      34.249161
     ],
     [
      132.554972,
      34.249133
     ],
     [
      132.554944,
      34.249106
     ],
     [
      132.554916,
      34.249078
     ],
     [
      132.554889,
      34.249051
     ],
     [
      132.55486,
      34.249023
     ],
     [
      132.554832,
      34.248995
     ],
     [
      132.554804,
      34.248968
     ],
     [
      132.554777,
      34.24894
     ],
     [
      132.554749,
      34.248913
     ],
     [
      132.55472,
      34.248886
     ],
     [
      132.554691,
      34.248858
     ],
     [
      132.554663,
      34.248831
     ],
     [
      132.554634,
      34.248804
     ],
     [
      132.554606,
      34.248777
     ],
     [
      132.554577,
      34.24875
     ],
     [
      132.554549,
      34.248722
     ],
     [
      132.55452,
      34.248695
     ],
     [
      132.554491,
      34.248668
     ],
     [
      132.554462,
      34.248641
     ],
     [
      132.554432,
      34.248614
     ],
     [
      132.554403,
      34.248588
     ],
     [
      132.554374,
      34.248562
     ],
     [
      132.554344,
      34.248536
     ],
     [
      132.554314,
      34.24851
     ],
     [
      132.554283,
      34.248484
     ],
     [
      132.554253,
      34.248458
     ],
     [
      132.554224,
      34.248431
     ],
     [
      132.554193,
      34.248405
     ],
     [
      132.554163,
      34.24838
     ],
     [
      132.554132,
      34.248354
     ],
     [
      132.554103,
      34.248328
     ],
     [
      132.554073,
      34.248302
     ],
     [
      132.554043,
      34.248275
     ],
     [
      132.554014,
      34.248248
     ],
     [
      132.553984,
      34.248222
     ],
     [
      132.553954,
      34.248196
     ],
     [
      132.553925,
      34.24817
     ],
     [
      132.553894,
      34.248144
     ],
     [
      132.553864,
      34.248118
     ],
     [
      132.553835,
      34.248092
     ],
     [
      132.553804,
      34.248065
     ],
     [
      132.553775,
      34.248039
     ],
     [
      132.553746,
      34.248012
     ],
     [
      132.553716,
      34.247986
     ],
     [
      132.553687,
      34.247959
     ],
     [
      132.553658,
      34.247933
     ],
     [
      132.553628,
      34.247906
     ],
     [
      132.5536,
      34.247879
     ],
     [
      132.553572,
      34.247852
     ],
     [
      132.553543,
      34.247824
     ],
     [
      132.553514,
      34.247797
     ],
     [
      132.553486,
      34.24777
     ],
     [
      132.553458,
      34.247742
     ],
     [
      132.553429,
      34.247715
     ],
     [
      132.553401,
      34.247688
     ],
     [
      132.553373,
      34.24766
     ],
     [
      132.553345,
      34.247633
     ],
     [
      132.553316,
      34.247606
     ],
     [
      132.553288,
      34.247578
     ],
     [
      132.55326,
      34.247551
     ],
     [
      132.553232,
      34.247523
     ],
     [
      132.553203,
      34.247496
     ],
     [
      132.553175,
      34.247468
     ],
     [
      132.553147,
      34.247441
     ],
     [
      132.55312,
      34.247413
     ],
     [
      132.553091,
      34.247386
     ],
     [
      132.553063,
      34.247358
     ],
     [
      132.553035,
      34.247331
     ],
     [
      132.553007,
      34.247303
     ],
     [
      132.552979,
      34.247275
     ],
     [
      132.552951,
      34.247248
     ],
     [
      132.552923,
      34.24722
     ],
     [
      132.552895,
      34.247193
     ],
     [
      132.552867,
      34.247165
     ],
     [
      132.552839,
      34.247137
     ],
     [
      132.552811,
      34.24711
     ],
     [
      132.552783,
      34.247082
     ],
     [
      132.552756,
      34.247055
     ],
     [
      132.552727,
      34.247027
     ],
     [
      132.552699,
      34.246999
     ],
     [
      132.552671,
      34.246972
     ],
     [
      132.552643,
      34.246944
     ],
     [
      132.552614,
      34.246917
     ],
     [
      132.552586,
      34.24689
     ],
     [
      132.552559,
      34.246862
     ],
     [
      132.552531,
      34.246834
     ],
     [
      132.552502,
      34.246807
     ],
     [
      132.552474,
      34.246779
     ],
     [
      132.552446,
      34.246752
     ],
     [
      132.552419,
      34.246724
     ],
     [
      132.55239,
      34.246696
     ],
     [
      132.552363,
      34.246668
     ],
     [
      132.552335,
      34.24664
     ],
     [
      132.552308,
      34.246613
     ],
     [
      132.55228,
      34.246585
     ],
     [
      132.552252,
      34.246558
     ],
     [
      132.552224,
      34.24653
     ],
     [
      132.552196,
      34.246503
     ],
     [
      132.552168,
      34.246475
     ],
     [
      132.55214,
      34.246448
     ],
     [
      132.552112,
      34.24642
     ],
     [
      132.552083,
      34.246393
     ],
     [
      132.552055,
      34.246366
     ],
     [
      132.552026,
      34.246338
     ],
     [
      132.551998,
      34.246311
     ],
     [
      132.55197,
      34.246284
     ],
     [
      132.551942,
      34.246257
     ],
     [
      132.551913,
      34.246229
     ],
     [
      132.551884,
      34.246202
     ],
     [
      132.551856,
      34.246174
     ],
     [
      132.551829,
      34.246147
     ],
     [
      132.5518,
      34.24612
     ],
     [
      132.551772,
      34.246092
     ],
     [
      132.551744,
      34.246065
     ],
     [
      132.551716,
      34.246037
     ],
     [
      132.551688,
      34.246009
     ],
     [
      132.55166,
      34.245982
     ],
     [
      132.551632,
      34.245954
     ],
     [
      132.551604,
      34.245927
     ],
     [
      132.551575,
      34.245899
     ],
     [
      132.551548,
      34.245872
     ],
     [
      132.55152,
      34.245844
     ],
     [
      132.551492,
      34.245817
     ],
     [
      132.551463,
      34.245789
     ],
     [
      132.551435,
      34.245761
     ],
     [
      132.551408,
      34.245734
     ],
     [
      132.55138,
      34.245706
     ],
     [
      132.551352,
      34.245678
     ],
     [
      132.551324,
      34.245651
     ],
     [
      132.551296,
      34.245623
     ],
     [
      132.551268,
      34.245596
     ],
     [
      132.55124,
      34.245568
     ],
     [
      132.551211,
      34.245541
     ],
     [
      132.551183,
      34.245513
     ],
     [
      132.551155,
      34.245486
     ],
     [
      132.551128,
      34.245458
     ],
     [
      132.551101,
      34.24543
     ],
     [
      132.551073,
      34.245401
     ],
     [
      132.551046,
      34.245373
     ],
     [
      132.55102,
      34.245344
     ],
     [
      132.550993,
      34.245316
     ],
     [
      132.550967,
      34.245288
     ],
     [
      132.55094,
      34.245259
     ],
     [
      132.550914,
      34.245231
     ],
     [
      132.550886,
      34.245202
     ],
     [
      132.550859,
      34.245174
     ],
     [
      132.550832,
      34.245146
     ],
     [
      132.550804,
      34.245118
     ],
     [
      132.550777,
      34.24509
     ],
     [
      132.55075,
      34.245062
     ],
     [
      132.550722,
      34.245034
     ],
     [
      132.550694,
      34.245006
     ],
     [
      132.550667,
      34.244978
     ],
     [
      132.550641,
      34.244951
     ],
     [
      132.550614,
      34.244922
     ],
     [
      132.550587,
      34.244894
     ],
     [
      132.550559,
      34.244865
     ],
     [
      132.550532,
      34.244837
     ],
     [
      132.550506,
      34.244808
     ],
     [
      132.550479,
      34.24478
     ],
     [
      132.550452,
      34.244752
     ],
     [
      132.550425,
      34.244723
     ],
     [
      132.550397,
      34.244695
     ],
     [
      132.550371,
      34.244668
     ],
     [
      132.550344,
      34.244639
     ],
     [
      132.550316,
      34.244611
     ],
     [
      132.550289,
      34.244583
     ],
     [
      132.550262,
      34.244555
     ],
     [
      132.550234,
      34.244527
     ],
     [
      132.550207,
      34.244499
     ],
     [
      132.550179,
      34.244471
     ],
     [
      132.550152,
      34.244443
     ],
     [
      132.550125,
      34.244415
     ],
     [
      132.550097,
      34.244386
     ],
     [
      132.55007,
      34.244358
     ],
     [
      132.550043,
      34.24433
     ],
     [
      132.550016,
      34.244302
     ],
     [
      132.549989,
      34.244275
     ],
     [
      132.549962,
      34.244246
     ],
     [
      132.549934,
      34.244218
     ],
     [
      132.549908,
      34.244189
     ],
     [
      132.549883,
      34.244159
     ],
     [
      132.549861,
      34.244129
     ],
     [
      132.549841,
      34.244097
     ],
     [
      132.549826,
      34.244063
     ],
     [
      132.54982,
      34.244028
     ],
     [
      132.549825,
      34.243992
     ],
     [
      132.54984,
      34.243958
     ],
     [
      132.549863,
      34.243928
     ],
     [
      132.549891,
      34.2439
     ],
     [
      132.549921,
      34.243874
     ],
     [
      132.549954,
      34.24385
     ],
     [
      132.549988,
      34.243827
     ],
     [
      132.550021,
      34.243805
     ],
     [
      132.550056,
      34.243783
     ],
     [
      132.550091,
      34.243761
     ],
     [
      132.550125,
      34.243739
     ],
     [
      132.550159,
      34.243718
     ],
     [
      132.550194,
      34.243695
     ],
     [
      132.550229,
      34.243673
     ],
     [
      132.550263,
      34.243652
     ],
     [
      132.550297,
      34.24363
     ],
     [
      132.550333,
      34.243608
     ],
     [
      132.550368,
      34.243587
     ],
     [
      132.550404,
      34.243567
     ],
     [
      132.55044,
      34.243546
     ],
     [
      132.550477,
      34.243526
     ],
     [
      132.550514,
      34.243508
     ],
     [
      132.550551,
      34.243489
     ],
     [
      132.550589,
      34.243472
     ],
     [
      132.550627,
      34.243455
     ],
     [
      132.550666,
      34.243439
     ],
     [
      132.550705,
      34.243423
     ],
     [
      132.550743,
      34.243407
     ],
     [
      132.550782,
      34.24339
     ],
     [
      132.550821,
      34.243375
     ],
     [
      132.55086,
      34.243359
     ],
     [
      132.550899,
      34.243343
     ],
     [
      132.550939,
      34.243327
     ],
     [
      132.550978,
      34.243311
     ],
     [
      132.551017,
      34.243295
     ],
     [
      132.551055,
      34.243279
     ],
     [
      132.551094,
      34.243262
     ],
     [
      132.551133,
      34.243246
     ],
     [
      132.551172,
      34.24323
     ],
     [
      132.55121,
      34.243214
     ],
     [
      132.551249,
      34.243197
     ],
     [
      132.551289,
      34.243181
     ],
     [
      132.551327,
      34.243165
     ],
     [
      132.551366,
      34.243148
     ],
     [
      132.551404,
      34.243131
     ],
     [
      132.551442,
      34.243114
     ],
     [
      132.55148,
      34.243097
     ],
     [
      132.551519,
      34.24308
     ],
     [
      132.551557,
      34.243063
     ],
     [
      132.551596,
      34.243047
     ],
     [
      132.551634,
      34.243031
     ],
     [
      132.551673,
      34.243015
     ],
     [
      132.551712,
      34.242999
     ],
     [
      132.551751,
      34.242983
     ],
     [
      132.551791,
      34.242968
     ],
     [
      132.55183,
      34.242951
     ],
     [
      132.551869,
      34.242935
     ],
     [
      132.551908,
      34.242919
     ],
     [
      132.551946,
      34.242902
     ],
     [
      132.551984,
      34.242885
     ],
     [
      132.552022,
      34.242867
     ],
     [
      132.552059,
      34.242849
     ],
     [
      132.552097,
      34.242831
     ],
     [
      132.552135,
      34.242813
     ],
     [
      132.552172,
      34.242795
     ],
     [
      132.55221,
      34.242777
     ],
     [
      132.552248,
      34.242759
     ],
     [
      132.552285,
      34.242741
     ],
     [
      132.552323,
      34.242723
     ],
     [
      132.552361,
      34.242705
     ],
     [
      132.552399,
      34.242688
     ],
     [
      132.552437,
      34.242671
     ],
     [
      132.552475,
      34.242653
     ],
     [
      132.552513,
      34.242636
     ],
     [
      132.552551,
      34.242619
     ],
     [
      132.552589,
      34.242601
     ],
     [
      132.552627,
      34.242584
     ],
     [
      132.552665,
      34.242566
     ],
     [
      132.552703,
      34.242549
     ],
     [
      132.552741,
      34.242531
     ],
     [
      132.552779,
      34.242513
     ],
     [
      132.552818,
      34.242496
     ],
     [
      132.552856,
      34.242478
     ],
     [
      132.552894,
      34.242461
     ],
     [
      132.552932,
      34.242444
     ],
     [
      132.55297,
      34.242427
     ],
     [
      132.553008,
      34.24241
     ],
     [
      132.553046,
      34.242392
     ],
     [
      132.553084,
      34.242375
     ],
     [
      132.553122,
      34.242357
     ],
     [
      132.55316,
      34.242339
     ],
     [
      132.553198,
      34.242322
     ],
     [
      132.553236,
      34.242304
     ],
     [
      132.553274,
      34.242286
     ],
     [
      132.553312,
      34.242269
     ],
     [
      132.55335,
      34.242251
     ],
     [
      132.553387,
      34.242233
     ],
     [
      132.553425,
      34.242216
     ],
     [
      132.553463,
      34.242199
     ],
     [
      132.553502,
      34.242181
     ],
     [
      132.55354,
      34.242164
     ],
     [
      132.553578,
      34.242147
     ],
     [
      132.553616,
      34.24213
     ],
     [
      132.553654,
      34.242113
     ],
     [
      132.553693,
      34.242096
     ],
     [
      132.553731,
      34.242079
     ],
     [
      132.553771,
      34.242063
     ],
     [
      132.553809,
      34.242046
     ],
     [
      132.553847,
      34.242028
     ],
     [
      132.553886,
      34.242012
     ],
     [
      132.553925,
      34.241996
     ],
     [
      132.553963,
      34.24198
     ],
     [
      132.554002,
      34.241964
     ],
     [
      132.554041,
      34.241948
     ],
     [
      132.55408,
      34.241933
     ],
     [
      132.55412,
      34.241918
     ],
     [
      132.55416,
      34.241903
     ],
     [
      132.5542,
      34.24189
     ],
     [
      132.554241,
      34.241876
     ],
     [
      132.554281,
      34.241864
     ],
     [
      132.554323,
      34.241852
     ],
     [
      132.554364,
      34.241841
     ],
     [
      132.554405,
      34.241831
     ],
     [
      132.554448,
      34.241821
     ],
     [
      132.55449,
      34.241813
     ],
     [
      132.554532,
      34.241805
     ],
     [
      132.554575,
      34.241798
     ],
     [
      132.554617,
      34.241791
     ],
     [
      132.554661,
      34.241785
     ],
     [
      132.554703,
      34.24178
     ],
     [
      132.554746,
      34.241776
     ],
     [
      132.55479,
      34.241773
     ],
     [
      132.554833,
      34.24177
     ],
     [
      132.554877,
      34.241769
     ],
     [
      132.55492,
      34.241768
     ],
     [
      132.554964,
      34.241769
     ],
     [
      132.555007,
      34.24177
     ],
     [
      132.555051,
      34.241771
     ],
     [
      132.555094,
      34.241773
     ],
     [
      132.555138,
      34.241773
     ],
     [
      132.555181,
      34.241773
     ],
     [
      132.555225,
      34.241774
     ],
     [
      132.555268,
      34.241774
     ],
     [
      132.555311,
      34.241774
     ],
     [
      132.555355,
      34.241774
     ],
     [
      132.555398,
      34.241774
     ],
     [
      132.555442,
      34.241774
     ],
     [
      132.555485,
      34.241774
     ],
     [
      132.555529,
      34.241773
     ],
     [
      132.555572,
      34.241773
     ],
     [
      132.555616,
      34.241771
     ],
     [
      132.555659,
      34.241769
     ],
     [
      132.555703,
      34.241766
     ],
     [
      132.555745,
      34.241763
     ],
     [
      132.555789,
      34.241758
     ],
     [
      132.555832,
      34.241754
     ],
     [
      132.555874,
      34.241747
     ],
     [
      132.555917,
      34.24174
     ],
     [
      132.555959,
      34.241731
     ],
     [
      132.556002,
      34.241722
     ],
     [
      132.556043,
      34.24171
     ],
     [
      132.556083,
      34.241699
     ],
     [
      132.556123,
      34.241684
     ],
     [
      132.556163,
      34.24167
     ],
     [
      132.556201,
      34.241654
     ],
     [
      132.556241,
      34.241636
     ],
     [
      132.556279,
      34.241618
     ],
     [
      132.556316,
      34.2416
     ],
     [
      132.556353,
      34.241581
     ],
     [
      132.556388,
      34.241562
     ],
     [
      132.556424,
      34.241541
     ],
     [
      132.556459,
      34.241519
     ],
     [
      132.556494,
      34.241498
     ],
     [
      132.556529,
      34.241476
     ],
     [
      132.556562,
      34.241453
     ],
     [
      132.556596,
      34.241431
     ],
     [
      132.55663,
      34.241407
     ],
     [
      132.556663,
      34.241384
     ],
     [
      132.556696,
      34.241361
     ],
     [
      132.55673,
      34.241337
     ],
     [
      132.556762,
      34.241314
     ],
     [
      132.556795,
      34.24129
     ],
     [
      132.556827,
      34.241267
     ],
     [
      132.556861,
      34.241243
     ],
     [
      132.556895,
      34.241221
     ],
     [
      132.556928,
      34.241198
     ],
     [
      132.556963,
      34.241177
     ],
     [
      132.556999,
      34.241156
     ],
     [
      132.557037,
      34.241139
     ],
     [
      132.557077,
      34.241124
     ],
     [
      132.55712,
      34.241116
     ],
     [
      132.557163,
      34.241115
     ],
     [
      132.557206,
      34.241122
     ],
     [
      132.557246,
      34.241134
     ],
     [
      132.557284,
      34.241152
     ],
     [
      132.55732,
      34.241172
     ],
     [
      132.557353,
      34.241195
     ],
     [
      132.557386,
      34.241219
     ],
     [
      132.557418,
      34.241243
     ],
     [
      132.557449,
      34.241269
     ],
     [
      132.557479,
      34.241295
     ],
     [
      132.55751,
      34.24132
     ],
     [
      132.557539,
      34.241346
     ],
     [
      132.557569,
      34.241373
     ],
     [
      132.557599,
      34.241399
     ],
     [
      132.557628,
      34.241426
     ],
     [
      132.557658,
      34.241453
     ],
     [
      132.557687,
      34.241479
     ],
     [
      132.557716,
      34.241505
     ],
     [
      132.557746,
      34.241532
     ],
     [
      132.557775,
      34.241558
     ],
     [
      132.557804,
      34.241585
     ],
     [
      132.557834,
      34.241611
     ],
     [
      132.557863,
      34.241638
     ],
     [
      132.557892,
      34.241665
     ],
     [
      132.557921,
      34.241692
     ],
     [
      132.557949,
      34.241719
     ],
     [
      132.557978,
      34.241747
     ],
     [
      132.558006,
      34.241774
     ],
     [
      132.558034,
      34.241801
     ],
     [
      132.558062,
      34.241829
     ],
     [
      132.55809,
      34.241856
     ],
     [
      132.558118,
      34.241884
     ],
     [
      132.558147,
      34.241911
     ],
     [
      132.558175,
      34.241939
     ],
     [
      132.558204,
      34.241966
     ],
     [
      132.558233,
      34.241993
     ],
     [
      132.558261,
      34.24202
     ],
     [
      132.55829,
      34.242047
     ],
     [
      132.558319,
      34.242074
     ],
     [
      132.558348,
      34.242101
     ],
     [
      132.558377,
      34.242128
     ],
     [
      132.558406,
      34.242155
     ],
     [
      132.558436,
      34.242181
     ],
     [
      132.558465,
      34.242208
     ],
     [
      132.558494,
      34.242234
     ],
     [
      132.558524,
      34.242261
     ],
     [
      132.558554,
      34.242287
     ],
     [
      132.558584,
      34.242313
     ],
     [
      132.558613,
      34.242339
     ],
     [
      132.558643,
      34.242366
     ],
     [
      132.558673,
      34.242392
     ],
     [
      132.558702,
      34.242418
     ],
     [
      132.558732,
      34.242445
     ],
     [
      132.558761,
      34.242471
     ],
     [
      132.55879,
      34.242498
     ],
     [
      132.558819,
      34.242525
     ],
     [
      132.558849,
      34.242552
     ],
     [
      132.558877,
      34.242579
     ],
     [
      132.558906,
      34.242606
     ],
     [
      132.558936,
      34.242632
     ],
     [
      132.558965,
      34.242659
     ],
     [
      132.558994,
      34.242686
     ],
     [
      132.559024,
      34.242713
     ],
     [
      132.559053,
      34.242739
     ],
     [
      132.559082,
      34.242765
     ],
     [
      132.559113,
      34.242791
     ],
     [
      132.559142,
      34.242817
     ],
     [
      132.559173,
      34.242844
     ],
     [
      132.559202,
      34.24287
     ],
     [
      132.559231,
      34.242896
     ],
     [
      132.559261,
      34.242923
     ],
     [
      132.55929,
      34.24295
     ],
     [
      132.559319,
      34.242977
     ],
     [
      132.559349,
      34.243003
     ],
     [
      132.559378,
      34.24303
     ],
     [
      132.559407,
      34.243056
     ],
     [
      132.559437,
      34.243083
     ],
     [
      132.559466,
      34.24311
     ],
     [
      132.559494,
      34.243136
     ],
     [
      132.559524,
      34.243163
     ],
     [
      132.559553,
      34.24319
     ],
     [
      132.559582,
      34.243216
     ],
     [
      132.55961,
      34.243243
     ],
     [
      132.55964,
      34.24327
     ],
     [
      132.559668,
      34.243298
     ],
     [
      132.559697,
      34.243325
     ],
     [
      132.559726,
      34.243352
     ],
     [
      132.559754,
      34.24338
     ],
     [
      132.559783,
      34.243407
     ],
     [
      132.559812,
      34.243434
     ],
     [
      132.55984,
      34.243461
     ],
     [
      132.559868,
      34.243488
     ],
     [
      132.559897,
      34.243515
     ],
     [
      132.559926,
      34.243542
     ],
     [
      132.559955,
      34.243569
     ],
     [
      132.559983,
      34.243596
     ],
     [
      132.560013,
      34.243623
     ],
     [
      132.560041,
      34.24365
     ],
     [
      132.56007,
      34.243677
     ],
     [
      132.560098,
      34.243704
     ],
     [
      132.560128,
      34.243731
     ],
     [
      132.560156,
      34.243758
     ],
     [
      132.560185,
      34.243785
     ],
     [
      132.560215,
      34.243812
     ],
     [
      132.560243,
      34.243838
     ],
     [
      132.560272,
      34.243865
     ],
     [
      132.560302,
      34.243892
     ],
     [
      132.56033,
      34.243919
     ],
     [
      132.560359,
      34.243946
     ],
     [
      132.560387,
      34.243974
     ],
     [
      132.560417,
      34.244001
     ],
     [
      132.560445,
      34.244028
     ],
     [
      132.560474,
      34.244055
     ],
     [
      132.560503,
      34.244082
     ],
     [
      132.560531,
      34.244109
     ],
     [
      132.560559,
      34.244136
     ],
     [
      132.560587,
      34.244164
     ],
     [
      132.560616,
      34.244191
     ],
     [
      132.560644,
      34.244219
     ],
     [
      132.560672,
      34.244246
     ],
     [
      132.5607,
      34.244274
     ],
     [
      132.560729,
      34.244301
     ],
     [
      132.560757,
      34.244328
     ],
     [
      132.560785,
      34.244355
     ],
     [
      132.560815,
      34.244383
     ],
     [
      132.560843,
      34.24441
     ],
     [
      132.560872,
      34.244437
     ],
     [
      132.5609,
      34.244464
     ],
     [
      132.560929,
      34.244491
     ],
     [
      132.560958,
      34.244518
     ],
     [
      132.560986,
      34.244545
     ],
     [
      132.561014,
      34.244572
     ],
     [
      132.561043,
      34.2446
     ],
     [
      132.561071,
      34.244627
     ],
     [
      132.561099,
      34.244654
     ],
     [
      132.561128,
      34.244682
     ],
     [
      132.561156,
      34.244709
     ],
     [
      132.561184,
      34.244736
     ],
     [
      132.561212,
      34.244764
     ],
     [
      132.561241,
      34.244791
     ],
     [
      132.561269,
      34.244819
     ],
     [
      132.561297,
      34.244846
     ],
     [
      132.561325,
      34.244874
     ],
     [
      132.561354,
      34.244901
     ],
     [
      132.561382,
      34.244929
     ],
     [
      132.56141,
      34.244956
     ],
     [
      132.561438,
      34.244984
     ],
     [
      132.561467,
      34.245011
     ],
     [
      132.561495,
      34.245038
     ],
     [
      132.561523,
      34.245065
     ],
     [
      132.561552,
      34.245092
     ],
     [
      132.561581,
      34.245119
     ],
     [
      132.56161,
      34.245146
     ],
     [
      132.561638,
      34.245173
     ],
     [
      132.561668,
      34.2452
     ],
     [
      132.561696,
      34.245227
     ],
     [
      132.561724,
      34.245254
     ],
     [
      132.561753,
      34.245281
     ],
     [
      132.561782,
      34.245308
     ],
     [
      132.561811,
      34.245335
     ],
     [
      132.561839,
      34.245363
     ],
     [
      132.561868,
      34.24539
     ],
     [
      132.561897,
      34.245417
     ],
     [
      132.561925,
      34.245444
     ],
     [
      132.561953,
      34.245471
     ],
     [
      132.561983,
      34.245499
     ],
     [
      132.562011,
      34.245526
     ],
     [
      132.562039,
      34.245553
     ],
     [
      132.562067,
      34.245581
     ],
     [
      132.562096,
      34.245608
     ],
     [
      132.562124,
      34.245636
     ],
     [
      132.562152,
      34.245663
     ],
     [
      132.562181,
      34.24569
     ],
     [
      132.562208,
      34.245718
     ],
     [
      132.562236,
      34.245745
     ],
     [
      132.562264,
      34.245773
     ],
     [
      132.562292,
      34.245801
     ],
     [
      132.56232,
      34.245828
     ],
     [
      132.562348,
      34.245856
     ],
     [
      132.562376,
      34.245883
     ],
     [
      132.562404,
      34.245911
     ],
     [
      132.562433,
      34.245938
     ],
     [
      132.562461,
      34.245965
     ],
     [
      132.562489,
      34.245993
     ],
     [
      132.562517,
      34.24602
     ],
     [
      132.562546,
      34.246047
     ],
     [
      132.562574,
      34.246075
     ],
     [
      132.562602,
      34.246102
     ],
     [
      132.56263,
      34.24613
     ],
     [
      132.562659,
      34.246157
     ],
     [
      132.562687,
      34.246185
     ],
     [
      132.562714,
      34.246213
     ],
     [
      132.562741,
      34.246241
     ],
     [
      132.56277,
      34.246269
     ],
     [
      132.562797,
      34.246297
     ],
     [
      132.562824,
      34.246325
     ],
     [
      132.562851,
      34.246353
     ],
     [
      132.562878,
      34.246381
     ],
     [
      132.562905,
      34.24641
     ],
     [
      132.562933,
      34.246438
     ],
     [
      132.56296,
      34.246466
     ],
     [
      132.562988,
      34.246494
     ],
     [
      132.563015,
      34.246521
     ],
     [
      132.563043,
      34.246549
     ],
     [
      132.563071,
      34.246576
     ],
     [
      132.563099,
      34.246604
     ],
     [
      132.563127,
      34.246631
     ],
     [
      132.563154,
      34.246659
     ],
     [
      132.563182,
      34.246687
     ],
     [
      132.563211,
      34.246714
     ],
     [
      132.563239,
      34.246742
     ],
     [
      132.563267,
      34.246769
     ],
     [
      132.563294,
      34.246797
     ],
     [
      132.563323,
      34.246824
     ],
     [
      132.563351,
      34.246852
     ],
     [
      132.563379,
      34.246879
     ],
     [
      132.563407,
      34.246906
     ],
     [
      132.563436,
      34.246934
     ],
     [
      132.563464,
      34.246961
     ],
     [
      132.563492,
      34.246989
     ],
     [
      132.563519,
      34.247017
     ],
     [
      132.563548,
      34.247045
     ],
     [
      132.563576,
      34.247072
     ],
     [
      132.563603,
      34.2471
     ],
     [
      132.563631,
      34.247128
     ],
     [
      132.56366,
      34.247155
     ],
     [
      132.563688,
      34.247182
     ],
     [
      132.563717,
      34.247209
     ],
     [
      132.563748,
      34.247235
     ],
     [
      132.563778,
      34.247261
     ],
     [
      132.563809,
      34.247286
     ],
     [
      132.563841,
      34.24731
     ],
     [
      132.563875,
      34.247334
     ],
     [
      132.563908,
      34.247356
     ],
     [
      132.563942,
      34.247379
     ],
     [
      132.563977,
      34.2474
     ],
     [
      132.564013,
      34.247421
     ],
     [
      132.564049,
      34.247442
     ],
     [
      132.564084,
      34.247462
     ],
     [
      132.56412,
      34.247481
     ],
     [
      132.564157,
      34.247501
     ],
     [
      132.564193,
      34.247521
     ],
     [
      132.56423,
      34.247541
     ],
     [
      132.564266,
      34.24756
     ],
     [
      132.564303,
      34.24758
     ],
     [
      132.56434,
      34.247599
     ],
     [
      132.564377,
      34.247617
     ],
     [
      132.564414,
      34.247637
     ],
     [
      132.564451,
      34.247656
     ],
     [
      132.564486,
      34.247675
     ],
     [
      132.564523,
      34.247694
     ],
     [
      132.56456,
      34.247714
     ],
     [
      132.564597,
      34.247733
     ],
     [
      132.564634,
      34.247752
     ],
     [
      132.564671,
      34.247771
     ],
     [
      132.564709,
      34.247789
     ],
     [
      132.564746,
      34.247808
     ],
     [
      132.564783,
      34.247827
     ],
     [
      132.56482,
      34.247846
     ],
     [
      132.564857,
      34.247864
     ],
     [
      132.564894,
      34.247884
     ],
     [
      132.564931,
      34.247903
     ],
     [
      132.564967,
      34.247922
     ],
     [
      132.565004,
      34.247942
     ],
     [
      132.565041,
      34.247961
     ],
     [
      132.565078,
      34.24798
     ],
     [
      132.565115,
      34.247999
     ],
     [
      132.565152,
      34.248018
     ],
     [
      132.565189,
      34.248037
     ],
     [
      132.565225,
      34.248056
     ],
     [
      132.565262,
      34.248074
     ],
     [
      132.565299,
      34.248093
     ],
     [
      132.565337,
      34.248112
     ],
     [
      132.565374,
      34.248131
     ],
     [
      132.565411,
      34.24815
     ],
     [
      132.565448,
      34.248169
     ],
     [
      132.565485,
      34.248188
     ],
     [
      132.565522,
      34.248207
     ],
     [
      132.565559,
      34.248226
     ],
     [
      132.565596,
      34.248245
     ],
     [
      132.565633,
      34.248264
     ],
     [
      132.56567,
      34.248282
     ],
     [
      132.565707,
      34.248301
     ],
     [
      132.565744,
      34.24832
     ],
     [
      132.565781,
      34.248339
     ],
     [
      132.565818,
      34.248357
     ],
     [
      132.565855,
      34.248376
     ],
     [
      132.565892,
      34.248395
     ],
     [
      132.565929,
      34.248414
     ],
     [
      132.565967,
      34.248433
     ],
     [
      132.566004,
      34.248451
     ],
     [
      132.566042,
      34.248468
     ],
     [
      132.566081,
      34.248485
     ],
     [
      132.566119,
      34.248503
     ],
     [
      132.566158,
      34.248518
     ],
     [
      132.566197,
      34.248533
     ],
     [
      132.566237,
      34.248549
     ],
     [
      132.566276,
      34.248563
     ],
     [
      132.566316,
      34.248577
     ],
     [
      132.566357,
      34.248591
     ],
     [
      132.566397,
      34.248604
     ],
     [
      132.566438,
      34.248617
     ],
     [
      132.566478,
      34.24863
     ],
     [
      132.56652,
      34.248642
     ],
     [
      132.56656,
      34.248654
     ],
     [
      132.566601,
      34.248666
     ],
     [
      132.566643,
      34.248677
     ],
     [
      132.566685,
      34.248686
     ],
     [
      132.566726,
      34.248696
     ],
     [
      132.566769,
      34.248705
     ],
     [
      132.566811,
      34.248713
     ],
     [
      132.566853,
      34.248721
     ],
     [
      132.566896,
      34.248727
     ],
     [
      132.566939,
      34.248732
     ],
     [
      132.566983,
      34.248736
     ],
     [
      132.567026,
      34.248739
     ],
     [
      132.56707,
      34.24874
     ],
     [
      132.567113,
      34.24874
     ],
     [
      132.567157,
      34.248739
     ],
     [
      132.5672,
      34.248738
     ],
     [
      132.567243,
      34.248736
     ],
     [
      132.567287,
      34.248735
     ],
     [
      132.56733,
      34.248733
     ],
     [
      132.567374,
      34.248733
     ],
     [
      132.567417,
      34.248732
     ],
     [
      132.567461,
      34.248732
     ],
     [
      132.567504,
      34.248732
     ],
     [
      132.567548,
      34.248732
     ],
     [
      132.567591,
      34.248732
     ],
     [
      132.567635,
      34.248731
     ],
     [
      132.567678,
      34.24873
     ],
     [
      132.567721,
      34.248727
     ],
     [
      132.567764,
      34.248724
     ],
     [
      132.567807,
      34.248722
     ],
     [
      132.567851,
      34.248717
     ],
     [
      132.567894,
      34.248713
     ],
     [
      132.567937,
      34.248707
     ],
     [
      132.56798,
      34.248702
     ],
     [
      132.568023,
      34.248696
     ],
     [
      132.568066,
      34.248691
     ],
     [
      132.568108,
      34.248686
     ],
     [
      132.568152,
      34.248679
     ],
     [
      132.568194,
      34.248673
     ],
     [
      132.568237,
      34.248666
     ],
     [
      132.568279,
      34.248657
     ],
     [
      132.568321,
      34.248648
     ],
     [
      132.568363,
      34.248638
     ],
     [
      132.568405,
      34.248628
     ],
     [
      132.568446,
      34.248618
     ],
     [
      132.568489,
      34.248608
     ],
     [
      132.56853,
      34.248599
     ],
     [
      132.568572,
      34.24859
     ],
     [
      132.568615,
      34.248582
     ],
     [
      132.568657,
      34.248574
     ],
     [
      132.5687,
      34.248567
     ],
     [
      132.568742,
      34.248558
     ],
     [
      132.568784,
      34.248551
     ],
     [
      132.568827,
      34.248543
     ],
     [
      132.568869,
      34.248535
     ],
     [
      132.568912,
      34.248528
     ],
     [
      132.568954,
      34.24852
     ],
     [
      132.568997,
      34.248512
     ],
     [
      132.56904,
      34.248504
     ],
     [
      132.569082,
      34.248496
     ],
     [
      132.569125,
      34.248488
     ],
     [
      132.569167,
      34.24848
     ],
     [
      132.569209,
      34.248472
     ],
     [
      132.569252,
      34.248464
     ],
     [
      132.569294,
      34.248457
     ],
     [
      132.569336,
      34.248448
     ],
     [
      132.569378,
      34.248439
     ],
     [
      132.56942,
      34.24843
     ],
     [
      132.569461,
      34.24842
     ],
     [
      132.569503,
      34.248407
     ],
     [
      132.569542,
      34.248391
     ],
     [
      132.569578,
      34.248371
     ],
     [
      132.56961,
      34.248348
     ],
     [
      132.569637,
      34.24832
     ],
     [
      132.56966,
      34.248289
     ],
     [
      132.56968,
      34.248257
     ],
     [
      132.569695,
      34.248223
     ],
     [
      132.569707,
      34.248188
     ],
     [
      132.569717,
      34.248153
     ],
     [
      132.569723,
      34.248118
     ],
     [
      132.569725,
      34.248082
     ],
     [
      132.569722,
      34.248046
     ],
     [
      132.569712,
      34.24801
     ],
     [
      132.569698,
      34.247976
     ],
     [
      132.569679,
      34.247945
     ],
     [
      132.569655,
      34.247914
     ],
     [
      132.569629,
      34.247885
     ],
     [
      132.569599,
      34.247858
     ],
     [
      132.56957,
      34.247832
     ],
     [
      132.56954,
      34.247806
     ],
     [
      132.569508,
      34.247781
     ],
     [
      132.569477,
      34.247756
     ],
     [
      132.569445,
      34.247731
     ],
     [
      132.569414,
      34.247707
     ],
     [
      132.569382,
      34.247682
     ],
     [
      132.569351,
      34.247657
     ],
     [
      132.569319,
      34.247633
     ],
     [
      132.569288,
      34.247608
     ],
     [
      132.569256,
      34.247583
     ],
     [
      132.569223,
      34.247559
     ],
     [
      132.569192,
      34.247534
     ],
     [
      132.56916,
      34.247509
     ],
     [
      132.569129,
      34.247485
     ],
     [
      132.569097,
      34.24746
     ],
     [
      132.569066,
      34.247435
     ],
     [
      132.569034,
      34.24741
     ],
     [
      132.569004,
      34.247384
     ],
     [
      132.568973,
      34.247359
     ],
     [
      132.568943,
      34.247333
     ],
     [
      132.568913,
      34.247307
     ],
     [
      132.568883,
      34.24728
     ],
     [
      132.568854,
      34.247253
     ],
     [
      132.568825,
      34.247227
     ],
     [
      132.568796,
      34.2472
     ],
     [
      132.568768,
      34.247172
     ],
     [
      132.56874,
      34.247145
     ],
     [
      132.568712,
      34.247117
     ],
     [
      132.568683,
      34.24709
     ],
     [
      132.568655,
      34.247062
     ],
     [
      132.568627,
      34.247035
     ],
     [
      132.5686,
      34.247007
     ],
     [
      132.568571,
      34.24698
     ],
     [
      132.568543,
      34.246952
     ],
     [
      132.568515,
      34.246925
     ],
     [
      132.568487,
      34.246897
     ],
     [
      132.568458,
      34.246869
     ],
     [
      132.568431,
      34.246842
     ],
     [
      132.568403,
      34.246814
     ],
     [
      132.568375,
      34.246786
     ],
     [
      132.568348,
      34.246759
     ],
     [
      132.56832,
      34.246732
     ],
     [
      132.568292,
      34.246704
     ],
     [
      132.568265,
      34.246676
     ],
     [
      132.568237,
      34.246648
     ],
     [
      132.56821,
      34.24662
     ],
     [
      132.568181,
      34.246592
     ],
     [
      132.568154,
      34.246565
     ],
     [
      132.568126,
      34.246537
     ],
     [
      132.568098,
      34.246509
     ],
     [
      132.56807,
      34.246482
     ],
     [
      132.568042,
      34.246454
     ],
     [
      132.568014,
      34.246426
     ],
     [
      132.567987,
      34.246399
     ],
     [
      132.567959,
      34.246371
     ],
     [
      132.567931,
      34.246343
     ],
     [
      132.567903,
      34.246315
     ],
     [
      132.567876,
      34.246287
     ],
     [
      132.567848,
      34.24626
     ],
     [
      132.567819,
      34.246232
     ],
     [
      132.567792,
      34.246204
     ],
     [
      132.567764,
      34.246177
     ],
     [
      132.567736,
      34.246149
     ],
     [
      132.567707,
      34.246122
     ],
     [
      132.567679,
      34.246095
     ],
     [
      132.56765,
      34.246068
     ],
     [
      132.567622,
      34.246041
     ],
     [
      132.567593,
      34.246013
     ],
     [
      132.567565,
      34.245986
     ],
     [
      132.567536,
      34.245959
     ],
     [
      132.567508,
      34.245932
     ],
     [
      132.567479,
      34.245904
     ],
     [
      132.567451,
      34.245877
     ],
     [
      132.567423,
      34.245849
     ],
     [
      132.567395,
      34.245822
     ],
     [
      132.567366,
      34.245795
     ],
     [
      132.567338,
      34.245767
     ],
     [
      132.56731,
      34.24574
     ],
     [
      132.567281,
      34.245713
     ],
     [
      132.567253,
      34.245685
     ],
     [
      132.567225,
      34.245658
     ],
     [
      132.567197,
      34.245631
     ],
     [
      132.567168,
      34.245603
     ],
     [
      132.56714,
      34.245576
     ],
     [
      132.567112,
      34.245548
     ],
     [
      132.567084,
      34.245521
     ],
     [
      132.567055,
      34.245493
     ],
     [
      132.567027,
      34.245466
     ],
     [
      132.566999,
      34.245438
     ],
     [
      132.566971,
      34.245411
     ],
     [
      132.566942,
      34.245384
     ],
     [
      132.566914,
      34.245357
     ],
     [
      132.566885,
      34.24533
     ],
     [
      132.566857,
      34.245303
     ],
     [
      132.566828,
      34.245275
     ],
     [
      132.566799,
      34.245248
     ],
     [
      132.566771,
      34.245221
     ],
     [
      132.566742,
      34.245194
     ],
     [
      132.566714,
      34.245167
     ],
     [
      132.566686,
      34.245139
     ],
     [
      132.566658,
      34.245112
     ],
     [
      132.566629,
      34.245084
     ],
     [
      132.566602,
      34.245056
     ],
     [
      132.566574,
      34.245029
     ],
     [
      132.566547,
      34.245001
     ],
     [
      132.566519,
      34.244973
     ],
     [
      132.566491,
      34.244945
     ],
     [
      132.566463,
      34.244917
     ],
     [
      132.566436,
      34.244889
     ],
     [
      132.566408,
      34.244862
     ],
     [
      132.56638,
      34.244834
     ],
     [
      132.566351,
      34.244807
     ],
     [
      132.566324,
      34.244779
     ],
     [
      132.566296,
      34.244751
     ],
     [
      132.566268,
      34.244724
     ],
     [
      132.566239,
      34.244696
     ],
     [
      132.566211,
      34.244669
     ],
     [
      132.566184,
      34.244641
     ],
     [
      132.566156,
      34.244613
     ],
     [
      132.566127,
      34.244586
     ],
     [
      132.5661,
      34.244558
     ],
     [
      132.566072,
      34.244531
     ],
     [
      132.566045,
      34.244503
     ],
     [
      132.566017,
      34.244476
     ],
     [
      132.565988,
      34.244448
     ],
     [
      132.565961,
      34.24442
     ],
     [
      132.565933,
      34.244392
     ],
     [
      132.565906,
      34.244365
     ],
     [
      132.565877,
      34.244337
     ],
     [
      132.56585,
      34.244309
     ],
     [
      132.565822,
      34.244281
     ],
     [
      132.565795,
      34.244253
     ],
     [
      132.565767,
      34.244226
     ],
     [
      132.565739,
      34.244198
     ],
     [
      132.565711,
      34.24417
     ],
     [
      132.565683,
      34.244143
     ],
     [
      132.565655,
      34.244115
     ],
     [
      132.565628,
      34.244087
     ],
     [
      132.565599,
      34.24406
     ],
     [
      132.565571,
      34.244033
     ],
     [
      132.565543,
      34.244005
     ],
     [
      132.565515,
      34.243978
     ],
     [
      132.565486,
      34.24395
     ],
     [
      132.565458,
      34.243923
     ],
     [
      132.56543,
      34.243896
     ],
     [
      132.565401,
      34.243868
     ],
     [
      132.565373,
      34.243841
     ],
     [
      132.565345,
      34.243813
     ],
     [
      132.565317,
      34.243786
     ],
     [
      132.565288,
      34.243758
     ],
     [
      132.56526,
      34.243731
     ],
     [
      132.565232,
      34.243703
     ],
     [
      132.565204,
      34.243676
     ],
     [
      132.565175,
      34.243649
     ],
     [
      132.565147,
      34.243621
     ],
     [
      132.565119,
      34.243594
     ],
     [
      132.565091,
      34.243566
     ],
     [
      132.565062,
      34.243539
     ],
     [
      132.565035,
      34.243511
     ],
     [
      132.565007,
      34.243484
     ],
     [
      132.564979,
      34.243456
     ],
     [
      132.564951,
      34.243428
     ],
     [
      132.564923,
      34.243401
     ],
     [
      132.564895,
      34.243373
     ],
     [
      132.564867,
      34.243345
     ],
     [
      132.56484,
      34.243318
     ],
     [
      132.564811,
      34.24329
     ],
     [
      132.564784,
      34.243262
     ],
     [
      132.564756,
      34.243234
     ],
     [
      132.564729,
      34.243206
     ],
     [
      132.564702,
      34.243179
     ],
     [
      132.564673,
      34.243152
     ],
     [
      132.564645,
      34.243124
     ],
     [
      132.564618,
      34.243096
     ],
     [
      132.56459,
      34.243069
     ],
     [
      132.564561,
      34.243041
     ],
     [
      132.564533,
      34.243014
     ],
     [
      132.564505,
      34.242987
     ],
     [
      132.564476,
      34.242959
     ],
     [
      132.564448,
      34.242932
     ],
     [
      132.56442,
      34.242904
     ],
     [
      132.564392,
      34.242877
     ],
     [
      132.564364,
      34.242849
     ],
     [
      132.564337,
      34.242821
     ],
     [
      132.564309,
      34.242793
     ],
     [
      132.564281,
      34.242765
     ],
     [
      132.564254,
      34.242737
     ],
     [
      132.564227,
      34.242709
     ],
     [
      132.564199,
      34.242681
     ],
     [
      132.564171,
      34.242654
     ],
     [
      132.564143,
      34.242626
     ],
     [
      132.564115,
      34.242598
     ],
     [
      132.564087,
      34.242571
     ],
     [
      132.564058,
      34.242544
     ],
     [
      132.56403,
      34.242516
     ],
     [
      132.564002,
      34.242489
     ],
     [
      132.563974,
      34.242461
     ],
     [
      132.563945,
      34.242434
     ],
     [
      132.563917,
      34.242406
     ],
     [
      132.56389,
      34.242379
     ],
     [
      132.563862,
      34.242351
     ],
     [
      132.563833,
      34.242324
     ],
     [
      132.563805,
      34.242296
     ],
     [
      132.563777,
      34.242269
     ],
     [
      132.56375,
      34.242241
     ],
     [
      132.563721,
      34.242213
     ],
     [
      132.563693,
      34.242185
     ],
     [
      132.563666,
      34.242158
     ],
     [
      132.563638,
      34.24213
     ],
     [
      132.563611,
      34.242102
     ],
     [
      132.563582,
      34.242075
     ],
     [
      132.563554,
      34.242047
     ],
     [
      132.563527,
      34.242019
     ],
     [
      132.563499,
      34.241992
     ],
     [
      132.56347,
      34.241964
     ],
     [
      132.563442,
      34.241937
     ],
     [
      132.563415,
      34.24191
     ],
     [
      132.563387,
      34.241882
     ],
     [
      132.56336,
      34.241854
     ],
     [
      132.563334,
      34.241825
     ],
     [
      132.563307,
      34.241796
     ],
     [
      132.563282,
      34.241766
     ],
     [
      132.563259,
      34.241736
     ],
     [
      132.563236,
      34.241706
     ],
     [
      132.563214,
      34.241674
     ],
     [
      132.563194,
      34.241642
     ],
     [
      132.563176,
      34.241609
     ],
     [
      132.563157,
      34.241577
     ],
     [
      132.56314,
      34.241544
     ],
     [
      132.563123,
      34.241511
     ],
     [
      132.563105,
      34.241478
     ],
     [
      132.563087,
      34.241445
     ],
     [
      132.563067,
      34.241413
     ],
     [
      132.563047,
      34.241381
     ],
     [
      132.563026,
      34.24135
     ],
     [
      132.563003,
      34.241319
     ],
     [
      132.562979,
      34.241289
     ],
     [
      132.562954,
      34.24126
     ],
     [
      132.562928,
      34.24123
     ],
     [
      132.562901,
      34.241202
     ],
     [
      132.562874,
      34.241174
     ],
     [
      132.562847,
      34.241146
     ],
     [
      132.562818,
      34.241118
     ],
     [
      132.562791,
      34.24109
     ],
     [
      132.562763,
      34.241063
     ],
     [
      132.562736,
      34.241035
     ],
     [
      132.562708,
      34.241007
     ],
     [
      132.562679,
      34.240979
     ],
     [
      132.562652,
      34.240952
     ],
     [
      132.562624,
      34.240924
     ],
     [
      132.562597,
      34.240896
     ],
     [
      132.562568,
      34.240868
     ],
     [
      132.562541,
      34.240841
     ],
     [
      132.562513,
      34.240814
     ],
     [
      132.562485,
      34.240786
     ],
     [
      132.562457,
      34.240759
     ],
     [
      132.562429,
      34.240731
     ],
     [
      132.562401,
      34.240703
     ],
     [
      132.562373,
      34.240676
     ],
     [
      132.562346,
      34.240648
     ],
     [
      132.562317,
      34.24062
     ],
     [
      132.56229,
      34.240592
     ],
     [
      132.562262,
      34.240565
     ],
     [
      132.562235,
      34.240537
     ],
     [
      132.562207,
      34.240509
     ],
     [
      132.562178,
      34.240481
     ],
     [
      132.56215,
      34.240454
     ],
     [
      132.562123,
      34.240426
     ],
     [
      132.562095,
      34.240399
     ],
     [
      132.562066,
      34.240371
     ],
     [
      132.562038,
      34.240344
     ],
     [
      132.56201,
      34.240317
     ],
     [
      132.561981,
      34.240289
     ],
     [
      132.561952,
      34.240262
     ],
     [
      132.561924,
      34.240235
     ],
     [
      132.561896,
      34.240208
     ],
     [
      132.561868,
      34.240181
     ],
     [
      132.561839,
      34.240153
     ],
     [
      132.561811,
      34.240126
     ],
     [
      132.561782,
      34.240099
     ],
     [
      132.561755,
      34.240071
     ],
     [
      132.561726,
      34.240044
     ],
     [
      132.561698,
      34.240016
     ],
     [
      132.56167,
      34.239989
     ],
     [
      132.561642,
      34.239961
     ],
     [
      132.561613,
      34.239933
     ],
     [
      132.561585,
      34.239906
     ],
     [
      132.561558,
      34.239878
     ],
     [
      132.56153,
      34.239851
     ],
     [
      132.561501,
      34.239823
     ],
     [
      132.561474,
      34.239795
     ],
     [
      132.561446,
      34.239768
     ],
     [
      132.561418,
      34.23974
     ],
     [
      132.561389,
      34.239713
     ],
     [
      132.561361,
      34.239685
     ],
     [
      132.561334,
      34.239657
     ],
     [
      132.561306,
      34.23963
     ],
     [
      132.561277,
      34.239602
     ],
     [
      132.561249,
      34.239575
     ],
     [
      132.561221,
      34.239547
     ],
     [
      132.561193,
      34.23952
     ],
     [
      132.561166,
      34.239492
     ],
     [
      132.561137,
      34.239465
     ],
     [
      132.561109,
      34.239437
     ],
     [
      132.561081,
      34.23941
     ],
     [
      132.561053,
      34.239383
     ],
     [
      132.561024,
      34.239355
     ],
     [
      132.560996,
      34.239328
     ],
     [
      132.560967,
      34.239301
     ],
     [
      132.560938,
      34.239273
     ],
     [
      132.56091,
      34.239246
     ],
     [
      132.560882,
      34.239219
     ],
     [
      132.560854,
      34.239191
     ],
     [
      132.560825,
      34.239164
     ],
     [
      132.560798,
      34.239136
     ],
     [
      132.56077,
      34.239109
     ],
     [
      132.560742,
      34.239081
     ],
     [
      132.560713,
      34.239054
     ],
     [
      132.560685,
      34.239026
     ],
     [
      132.560657,
      34.238999
     ],
     [
      132.560629,
      34.238971
     ],
     [
      132.5606,
      34.238944
     ],
     [
      132.560572,
      34.238916
     ],
     [
      132.560544,
      34.238889
     ],
     [
      132.560517,
      34.238861
     ],
     [
      132.560489,
      34.238834
     ],
     [
      132.56046,
      34.238806
     ],
     [
      132.560432,
      34.238779
     ],
     [
      132.560405,
      34.238751
     ],
     [
      132.560377,
      34.238723
     ],
     [
      132.560349,
      34.238695
     ],
     [
      132.560322,
      34.238668
     ],
     [
      132.560295,
      34.23864
     ],
     [
      132.560268,
      34.238612
     ],
     [
      132.560241,
      34.238583
     ],
     [
      132.560214,
      34.238555
     ],
     [
      132.560186,
      34.238527
     ],
     [
      132.560159,
      34.238498
     ],
     [
      132.560133,
      34.23847
     ],
     [
      132.560107,
      34.238441
     ],
     [
      132.560082,
      34.238412
     ],
     [
      132.560058,
      34.238381
     ],
     [
      132.560036,
      34.23835
     ],
     [
      132.560018,
      34.238318
     ],
     [
      132.560004,
      34.238284
     ],
     [
      132.559995,
      34.238248
     ],
     [
      132.559995,
      34.238212
     ],
     [
      132.560004,
      34.238177
     ],
     [
      132.560019,
      34.238143
     ],
     [
      132.56004,
      34.238111
     ],
     [
      132.560065,
      34.238083
     ],
     [
      132.560093,
      34.238055
     ],
     [
      132.560122,
      34.238028
     ],
     [
      132.560153,
      34.238002
     ],
     [
      132.560184,
      34.237977
     ],
     [
      132.560216,
      34.237953
     ],
     [
      132.560248,
      34.237929
     ],
     [
      132.560281,
      34.237905
     ],
     [
      132.560314,
      34.237882
     ],
     [
      132.560347,
      34.237858
     ],
     [
      132.56038,
      34.237834
     ],
     [
      132.560412,
      34.23781
     ],
     [
      132.560445,
      34.237787
     ],
     [
      132.560479,
      34.237763
     ],
     [
      132.560511,
      34.23774
     ],
     [
      132.560544,
      34.237716
     ],
     [
      132.560577,
      34.237692
     ],
     [
      132.560609,
      34.237669
     ],
     [
      132.560642,
      34.237645
     ],
     [
      132.560674,
      34.237621
     ],
     [
      132.560708,
      34.237598
     ],
     [
      132.560741,
      34.237574
     ],
     [
      132.560773,
      34.23755
     ],
     [
      132.560806,
      34.237526
     ],
     [
      132.560838,
      34.237503
     ],
     [
      132.560871,
      34.237479
     ],
     [
      132.560905,
      34.237455
     ],
     [
      132.560937,
      34.237432
     ],
     [
      132.56097,
      34.237407
     ],
     [
      132.561003,
      34.237384
     ],
     [
      132.561035,
      34.237361
     ],
     [
      132.561069,
      34.237337
     ],
     [
      132.561101,
      34.237314
     ],
     [
      132.561135,
      34.23729
     ],
     [
      132.561168,
      34.237268
     ],
     [
      132.561201,
      34.237244
     ],
     [
      132.561234,
      34.237221
     ],
     [
      132.561267,
      34.237197
     ],
     [
      132.561298,
      34.237172
     ],
     [
      132.56133,
      34.237147
     ],
     [
      132.561358,
      34.23712
     ],
     [
      132.561385,
      34.237092
     ],
     [
      132.561411,
      34.237062
     ],
     [
      132.561434,
      34.237032
     ],
     [
      132.561454,
      34.237
     ],
     [
      132.561472,
      34.236967
     ],
     [
      132.561487,
      34.236933
     ],
     [
      132.561501,
      34.236899
     ],
     [
      132.561512,
      34.236864
     ],
     [
      132.561521,
      34.236829
     ],
     [
      132.561527,
      34.236794
     ],
     [
      132.561531,
      34.236758
     ],
     [
      132.561533,
      34.236722
     ],
     [
      132.561532,
      34.236686
     ],
     [
      132.561527,
      34.236649
     ],
     [
      132.561522,
      34.236613
     ],
     [
      132.561513,
      34.236578
     ],
     [
      132.561503,
      34.236543
     ],
     [
      132.561492,
      34.236509
     ],
     [
      132.561479,
      34.236475
     ],
     [
      132.561464,
      34.23644
     ],
     [
      132.561449,
      34.236406
     ],
     [
      132.561432,
      34.236373
     ],
     [
      132.561414,
      34.23634
     ],
     [
      132.561397,
      34.236308
     ],
     [
      132.561377,
      34.236275
     ],
     [
      132.561358,
      34.236243
     ],
     [
      132.561338,
      34.236211
     ],
     [
      132.561318,
      34.236179
     ],
     [
      132.561297,
      34.236147
     ],
     [
      132.561276,
      34.236115
     ],
     [
      132.561257,
      34.236083
     ],
     [
      132.561237,
      34.236051
     ],
     [
      132.561218,
      34.236019
     ],
     [
      132.561198,
      34.235987
     ],
     [
      132.561181,
      34.235954
     ],
     [
      132.561163,
      34.235921
     ],
     [
      132.561146,
      34.235888
     ],
     [
      132.56113,
      34.235854
     ],
     [
      132.561114,
      34.23582
     ],
     [
      132.5611,
      34.235786
     ],
     [
      132.561086,
      34.235752
     ],
     [
      132.561073,
      34.235718
     ],
     [
      132.561062,
      34.235683
     ],
     [
      132.561051,
      34.235648
     ],
     [
      132.561043,
      34.235613
     ],
     [
      132.561035,
      34.235577
     ],
     [
      132.561029,
      34.235542
     ],
     [
      132.561024,
      34.235506
     ],
     [
      132.561022,
      34.23547
     ],
     [
      132.56102,
      34.235434
     ],
     [
      132.56102,
      34.235398
     ],
     [
      132.56102,
      34.235362
     ],
     [
      132.56102,
      34.235325
     ],
     [
      132.561021,
      34.235289
     ],
     [
      132.561022,
      34.235253
     ],
     [
      132.561023,
      34.235217
     ],
     [
      132.561025,
      34.235181
     ],
     [
      132.561026,
      34.235145
     ],
     [
      132.561028,
      34.235109
     ],
     [
      132.56103,
      34.235073
     ],
     [
      132.561032,
      34.235037
     ],
     [
      132.561034,
      34.235001
     ],
     [
      132.561037,
      34.234965
     ],
     [
      132.561041,
      34.234929
     ],
     [
      132.561044,
      34.234894
     ],
     [
      132.561048,
      34.234858
     ],
     [
      132.561053,
      34.234822
     ],
     [
      132.561057,
      34.234786
     ],
     [
      132.561061,
      34.23475
     ],
     [
      132.561067,
      34.234714
     ],
     [
      132.561071,
      34.234678
     ],
     [
      132.561076,
      34.234642
     ],
     [
      132.561081,
      34.234606
     ],
     [
      132.561085,
      34.234571
     ],
     [
      132.561091,
      34.234535
     ],
     [
      132.561095,
      34.234499
     ],
     [
      132.561099,
      34.234463
     ],
     [
      132.561104,
      34.234428
     ],
     [
      132.561108,
      34.234392
     ],
     [
      132.561112,
      34.234356
     ],
     [
      132.561116,
      34.23432
     ],
     [
      132.561119,
      34.234284
     ],
     [
      132.561122,
      34.234247
     ],
     [
      132.561123,
      34.234211
     ],
     [
      132.561124,
      34.234175
     ],
     [
      132.561124,
      34.234139
     ],
     [
      132.561123,
      34.234103
     ],
     [
      132.561122,
      34.234067
     ],
     [
      132.561119,
      34.234031
     ],
     [
      132.561117,
      34.233995
     ],
     [
      132.561113,
      34.23396
     ],
     [
      132.561109,
      34.233924
     ],
     [
      132.561106,
      34.233888
     ],
     [
      132.5611,
      34.233852
     ],
     [
      132.561095,
      34.233816
     ],
     [
      132.561088,
      34.233781
     ],
     [
      132.561081,
      34.233745
     ],
     [
      132.561071,
      34.23371
     ],
     [
      132.561061,
      34.233675
     ],
     [
      132.56105,
      34.23364
     ],
     [
      132.561038,
      34.233605
     ],
     [
      132.561026,
      34.233571
     ],
     [
      132.561014,
      34.233535
     ],
     [
      132.561003,
      34.233501
     ],
     [
      132.560989,
      34.233467
     ],
     [
      132.560976,
      34.233433
     ],
     [
      132.560964,
      34.233398
     ],
     [
      132.56095,
      34.233363
     ],
     [
      132.560937,
      34.233329
     ],
     [
      132.560924,
      34.233295
     ],
     [
      132.560911,
      34.233261
     ],
     [
      132.560898,
      34.233226
     ],
     [
      132.560885,
      34.233192
     ],
     [
      132.560872,
      34.233157
     ],
     [
      132.56086,
      34.233123
     ],
     [
      132.560847,
      34.233088
     ],
     [
      132.560835,
      34.233054
     ],
     [
      132.560822,
      34.233019
     ],
     [
      132.56081,
      34.232985
     ],
     [
      132.560797,
      34.232951
     ],
     [
      132.560784,
      34.232916
     ],
     [
      132.56077,
      34.232881
     ],
     [
      132.560757,
      34.232848
     ],
     [
      132.560743,
      34.232814
     ],
     [
      132.560729,
      34.232779
     ],
     [
      132.560713,
      34.232745
     ],
     [
      132.560698,
      34.232712
     ],
     [
      132.560683,
      34.232677
     ],
     [
      132.560668,
      34.232644
     ],
     [
      132.560653,
      34.232611
     ],
     [
      132.560636,
      34.232576
     ],
     [
      132.56062,
      34.232543
     ],
     [
      132.560603,
      34.232511
     ],
     [
      132.560585,
      34.232477
     ],
     [
      132.560567,
      34.232445
     ],
     [
      132.560548,
      34.232412
     ],
     [
      132.560529,
      34.23238
     ],
     [
      132.560509,
      34.232348
     ],
     [
      132.56049,
      34.232315
     ],
     [
      132.560469,
      34.232284
     ],
     [
      132.560448,
      34.232252
     ],
     [
      132.560427,
      34.23222
     ],
     [
      132.560405,
      34.23219
     ],
     [
      132.560382,
      34.232159
     ],
     [
      132.560359,
      34.232129
     ],
     [
      132.560335,
      34.232098
     ],
     [
      132.560311,
      34.232068
     ],
     [
      132.560287,
      34.232037
     ],
     [
      132.560264,
      34.232008
     ],
     [
      132.56024,
      34.231977
     ],
     [
      132.560216,
      34.231947
     ],
     [
      132.560192,
      34.231917
     ],
     [
      132.560169,
      34.231887
     ],
     [
      132.560146,
      34.231856
     ],
     [
      132.560123,
      34.231826
     ],
     [
      132.560101,
      34.231795
     ],
     [
      132.560079,
      34.231763
     ],
     [
      132.560057,
      34.231732
     ],
     [
      132.560035,
      34.231701
     ],
     [
      132.560014,
      34.23167
     ],
     [
      132.559992,
      34.231639
     ],
     [
      132.559969,
      34.231608
     ],
     [
      132.559946,
      34.231577
     ],
     [
      132.559922,
      34.231547
     ],
     [
      132.559898,
      34.231517
     ],
     [
      132.559873,
      34.231488
     ],
     [
      132.559847,
      34.231459
     ],
     [
      132.559821,
      34.23143
     ],
     [
      132.559794,
      34.231402
     ],
     [
      132.559767,
      34.231373
     ],
     [
      132.559739,
      34.231346
     ],
     [
      132.55971,
      34.231318
     ],
     [
      132.559682,
      34.231291
     ],
     [
      132.559654,
      34.231264
     ],
     [
      132.559625,
      34.231237
     ],
     [
      132.559595,
      34.231211
     ],
     [
      132.559566,
      34.231185
     ],
     [
      132.559535,
      34.231159
     ],
     [
      132.559505,
      34.231133
     ],
     [
      132.559475,
      34.231107
     ],
     [
      132.559443,
      34.231082
     ],
     [
      132.559412,
      34.231057
     ],
     [
      132.55938,
      34.231032
     ],
     [
      132.559349,
      34.231007
     ],
     [
      132.559317,
      34.230982
     ],
     [
      132.559286,
      34.230958
     ],
     [
      132.559254,
      34.230932
     ],
     [
      132.559223,
      34.230908
     ],
     [
      132.559191,
      34.230883
     ],
     [
      132.559161,
      34.230858
     ],
     [
      132.559129,
      34.230832
     ],
     [
      132.559099,
      34.230807
     ],
     [
      132.559067,
      34.230782
     ],
     [
      132.559037,
      34.230757
     ],
     [
      132.559006,
      34.230731
     ],
     [
      132.558975,
      34.230705
     ],
     [
      132.558944,
      34.23068
     ],
     [
      132.558914,
      34.230655
     ],
     [
      132.558882,
      34.230629
     ],
     [
      132.558852,
      34.230604
     ],
     [
      132.558822,
      34.230578
     ],
     [
      132.558791,
      34.230552
     ],
     [
      132.55876,
      34.230527
     ],
     [
      132.558729,
      34.230502
     ],
     [
      132.5587,
      34.230476
     ],
     [
      132.558669,
      34.230449
     ],
     [
      132.55864,
      34.230423
     ],
     [
      132.558611,
      34.230396
     ],
     [
      132.558582,
      34.230369
     ],
     [
      132.558554,
      34.230341
     ],
     [
      132.558527,
      34.230313
     ],
     [
      132.558501,
      34.230284
     ],
     [
      132.558476,
      34.230255
     ],
     [
      132.558451,
      34.230226
     ],
     [
      132.558426,
      34.230196
     ],
     [
      132.558402,
      34.230165
     ],
     [
      132.558378,
      34.230136
     ],
     [
      132.558355,
      34.230105
     ],
     [
      132.558333,
      34.230074
     ],
     [
      132.55831,
      34.230043
     ],
     [
      132.558289,
      34.230012
     ],
     [
      132.558267,
      34.229981
     ],
     [
      132.558247,
      34.229949
     ],
     [
      132.558226,
      34.229917
     ],
     [
      132.558206,
      34.229885
     ],
     [
      132.558185,
      34.229854
     ],
     [
      132.558164,
      34.229822
     ],
     [
      132.558141,
      34.229791
     ],
     [
      132.558118,
      34.229761
     ],
     [
      132.558096,
      34.22973
     ],
     [
      132.558072,
      34.2297
     ],
     [
      132.558048,
      34.22967
     ],
     [
      132.558024,
      34.229639
     ],
     [
      132.558002,
      34.229608
     ],
     [
      132.55798,
      34.229577
     ],
     [
      132.557959,
      34.229545
     ],
     [
      132.557939,
      34.229514
     ],
     [
      132.55792,
      34.229481
     ],
     [
      132.557901,
      34.229449
     ],
     [
      132.557882,
      34.229416
     ],
     [
      132.557861,
      34.229385
     ],
     [
      132.557839,
      34.229353
     ],
     [
      132.557816,
      34.229323
     ],
     [
      132.557792,
      34.229293
     ],
     [
      132.557769,
      34.229263
     ],
     [
      132.557742,
      34.229234
     ],
     [
      132.557716,
      34.229205
     ],
     [
      132.55769,
      34.229176
     ],
     [
      132.557663,
      34.229148
     ],
     [
      132.557635,
      34.229121
     ],
     [
      132.557606,
      34.229094
     ],
     [
      132.557576,
      34.229068
     ],
     [
      132.557546,
      34.229042
     ],
     [
      132.557515,
      34.229016
     ],
     [
      132.557484,
      34.228991
     ],
     [
      132.557451,
      34.228968
     ],
     [
      132.557419,
      34.228944
     ],
     [
      132.557385,
      34.228921
     ],
     [
      132.55735,
      34.228899
     ],
     [
      132.557315,
      34.228878
     ],
     [
      132.557279,
      34.228857
     ],
     [
      132.557244,
      34.228836
     ],
     [
      132.557207,
      34.228817
     ],
     [
      132.557171,
      34.228797
     ],
     [
      132.557134,
      34.228778
     ],
     [
      132.557096,
      34.22876
     ],
     [
      132.557059,
      34.228741
     ],
     [
      132.557022,
      34.228722
     ],
     [
      132.556985,
      34.228704
     ],
     [
      132.556948,
      34.228685
     ],
     [
      132.556911,
      34.228666
     ],
     [
      132.556874,
      34.228647
     ],
     [
      132.556837,
      34.228628
     ],
     [
      132.5568,
      34.228609
     ],
     [
      132.556763,
      34.228589
     ],
     [
      132.556726,
      34.228571
     ],
     [
      132.556689,
      34.228552
     ],
     [
      132.556651,
      34.228534
     ],
     [
      132.556614,
      34.228516
     ],
     [
      132.556576,
      34.228498
     ],
     [
      132.556538,
      34.228481
     ],
     [
      132.5565,
      34.228463
     ],
     [
      132.556462,
      34.228445
     ],
     [
      132.556425,
      34.228426
     ],
     [
      132.556389,
      34.228405
     ],
     [
      132.556356,
      34.228384
     ],
     [
      132.556322,
      34.22836
     ],
     [
      132.55629,
      34.228336
     ],
     [
      132.556259,
      34.228311
     ],
     [
      132.55623,
      34.228284
     ],
     [
      132.5562,
      34.228257
     ],
     [
      132.556172,
      34.228229
     ],
     [
      132.556145,
      34.228202
     ],
     [
      132.556117,
      34.228174
     ],
     [
      132.556088,
      34.228147
     ],
     [
      132.55606,
      34.22812
     ],
     [
      132.556032,
      34.228092
     ],
     [
      132.556004,
      34.228065
     ],
     [
      132.555975,
      34.228037
     ],
     [
      132.555946,
      34.228011
     ],
     [
      132.555917,
      34.227984
     ],
     [
      132.555887,
      34.227957
     ],
     [
      132.555858,
      34.227931
     ],
     [
      132.555829,
      34.227905
     ],
     [
      132.555799,
      34.227878
     ],
     [
      132.555769,
      34.227852
     ],
     [
      132.55574,
      34.227826
     ],
     [
      132.55571,
      34.227799
     ],
     [
      132.55568,
      34.227773
     ],
     [
      132.555651,
      34.227746
     ],
     [
      132.55562,
      34.22772
     ],
     [
      132.555591,
      34.227694
     ],
     [
      132.555559,
      34.227669
     ],
     [
      132.555529,
      34.227644
     ],
     [
      132.555496,
      34.227619
     ],
     [
      132.555464,
      34.227596
     ],
     [
      132.555429,
      34.227574
     ],
     [
      132.555394,
      34.227553
     ],
     [
      132.555357,
      34.227534
     ],
     [
      132.555319,
      34.227516
     ],
     [
      132.555281,
      34.227499
     ],
     [
      132.555241,
      34.227484
     ],
     [
      132.555201,
      34.227471
     ],
     [
      132.55516,
      34.227458
     ],
     [
      132.555119,
      34.227446
     ],
     [
      132.555078,
      34.227436
     ],
     [
      132.555035,
      34.227427
     ],
     [
      132.554993,
      34.227421
     ],
     [
      132.55495,
      34.227416
     ],
     [
      132.554906,
      34.227415
     ],
     [
      132.554863,
      34.227414
     ],
     [
      132.554819,
      34.227416
     ],
     [
      132.554776,
      34.227418
     ],
     [
      132.554732,
      34.227423
     ],
     [
      132.55469,
      34.227429
     ],
     [
      132.554648,
      34.227436
     ],
     [
      132.554605,
      34.227444
     ],
     [
      132.554563,
      34.227453
     ],
     [
      132.554521,
      34.227463
     ],
     [
      132.55448,
      34.227475
     ],
     [
      132.554439,
      34.227488
     ],
     [
      132.554399,
      34.227501
     ],
     [
      132.55436,
      34.227517
     ],
     [
      132.55432,
      34.227533
     ],
     [
      132.554282,
      34.22755
     ],
     [
      132.554245,
      34.227569
     ],
     [
      132.55421,
      34.227589
     ],
     [
      132.554173,
      34.227608
     ],
     [
      132.554137,
      34.227629
     ],
     [
      132.554102,
      34.227649
     ],
     [
      132.554065,
      34.22767
     ],
     [
      132.554029,
      34.22769
     ],
     [
      132.553992,
      34.227709
     ],
     [
      132.553955,
      34.227727
     ],
     [
      132.553918,
      34.227746
     ],
     [
      132.55388,
      34.227764
     ],
     [
      132.553843,
      34.227782
     ],
     [
      132.553805,
      34.2278
     ],
     [
      132.553768,
      34.227819
     ],
     [
      132.553731,
      34.227838
     ],
     [
      132.553694,
      34.227858
     ],
     [
      132.553659,
      34.227877
     ],
     [
      132.553622,
      34.227897
     ],
     [
      132.553586,
      34.227917
     ],
     [
      132.553549,
      34.227937
     ],
     [
      132.553512,
      34.227955
     ],
     [
      132.553475,
      34.227974
     ],
     [
      132.553438,
      34.227993
     ],
     [
      132.553401,
      34.228012
     ],
     [
      132.553364,
      34.228031
     ],
     [
      132.553327,
      34.22805
     ],
     [
      132.55329,
      34.22807
     ],
     [
      132.553254,
      34.22809
     ],
     [
      132.553217,
      34.228109
     ],
     [
      132.553182,
      34.228129
     ],
     [
      132.553146,
      34.228149
     ],
     [
      132.55311,
      34.228169
     ],
     [
      132.553074,
      34.22819
     ],
     [
      132.553037,
      34.22821
     ],
     [
      132.553001,
      34.228229
     ],
     [
      132.552964,
      34.228248
     ],
     [
      132.552926,
      34.228266
     ],
     [
      132.552888,
      34.228284
     ],
     [
      132.55285,
      34.228301
     ],
     [
      132.552811,
      34.228316
     ],
     [
      132.552771,
      34.22833
     ],
     [
      132.552731,
      34.228343
     ],
     [
      132.552689,
      34.228355
     ],
     [
      132.552648,
      34.228366
     ],
     [
      132.552606,
      34.228375
     ],
     [
      132.552563,
      34.228382
     ],
     [
      132.55252,
      34.228388
     ],
     [
      132.552477,
      34.228393
     ],
     [
      132.552434,
      34.228396
     ],
     [
      132.55239,
      34.228398
     ],
     [
      132.552347,
      34.228398
     ],
     [
      132.552303,
      34.228398
     ],
     [
      132.55226,
      34.228396
     ],
     [
      132.552217,
      34.228394
     ],
     [
      132.552173,
      34.228389
     ],
     [
      132.552131,
      34.228384
     ],
     [
      132.552088,
      34.228376
     ],
     [
      132.552046,
      34.228366
     ],
     [
      132.552005,
      34.228356
     ],
     [
      132.551964,
      34.228342
     ],
     [
      132.551924,
      34.228328
     ],
     [
      132.551886,
      34.228311
     ],
     [
      132.551848,
      34.228293
     ],
     [
      132.551811,
      34.228275
     ],
     [
      132.551775,
      34.228254
     ],
     [
      132.551741,
      34.228233
     ],
     [
      132.551706,
      34.228211
     ],
     [
      132.551672,
      34.228188
     ],
     [
      132.55164,
      34.228164
     ],
     [
      132.551608,
      34.228139
     ],
     [
      132.551576,
      34.228115
     ],
     [
      132.551545,
      34.22809
     ],
     [
      132.551515,
      34.228064
     ],
     [
      132.551484,
      34.228037
     ],
     [
      132.551455,
      34.228011
     ],
     [
      132.551425,
      34.227984
     ],
     [
      132.551397,
      34.227958
     ],
     [
      132.551368,
      34.227931
     ],
     [
      132.55134,
      34.227903
     ],
     [
      132.551311,
      34.227876
     ],
     [
      132.551283,
      34.227849
     ],
     [
      132.551255,
      34.227821
     ],
     [
      132.551227,
      34.227794
     ],
     [
      132.551198,
      34.227766
     ],
     [
      132.551171,
      34.227738
     ],
     [
      132.551143,
      34.227711
     ],
     [
      132.551115,
      34.227683
     ],
     [
      132.551086,
      34.227656
     ],
     [
      132.551058,
      34.227628
     ],
     [
      132.551031,
      34.227601
     ],
     [
      132.551003,
      34.227573
     ],
     [
      132.550974,
      34.227545
     ],
     [
      132.550947,
      34.227517
     ],
     [
      132.55092,
      34.227489
     ],
     [
      132.550893,
      34.227462
     ],
     [
      132.550867,
      34.227433
     ],
     [
      132.550842,
      34.227403
     ],
     [
      132.550818,
      34.227373
     ],
     [
      132.550795,
      34.227342
     ],
     [
      132.550775,
      34.227311
     ],
     [
      132.550755,
      34.227279
     ],
     [
      132.550736,
      34.227246
     ],
     [
      132.55072,
      34.227213
     ],
     [
      132.550705,
      34.227179
     ],
     [
      132.55069,
      34.227144
     ],
     [
      132.550677,
      34.22711
     ],
     [
      132.550663,
      34.227076
     ],
     [
      132.550648,
      34.227042
     ],
     [
      132.550634,
      34.227008
     ],
     [
      132.550619,
      34.226974
     ],
     [
      132.550603,
      34.226941
     ],
     [
      132.550584,
      34.226908
     ],
     [
      132.550565,
      34.226877
     ],
     [
      132.550543,
      34.226845
     ],
     [
      132.55052,
      34.226814
     ],
     [
      132.550495,
      34.226785
     ],
     [
      132.55047,
      34.226755
     ],
     [
      132.550444,
      34.226726
     ],
     [
      132.550417,
      34.226698
     ],
     [
      132.55039,
      34.22667
     ],
     [
      132.550362,
      34.226642
     ],
     [
      132.550334,
      34.226614
     ],
     [
      132.550306,
      34.226587
     ],
     [
      132.550278,
      34.22656
     ],
     [
      132.55025,
      34.226532
     ],
     [
      132.55022,
      34.226505
     ],
     [
      132.550192,
      34.226478
     ],
     [
      132.550164,
      34.226451
     ],
     [
      132.550136,
      34.226423
     ],
     [
      132.550106,
      34.226396
     ],
     [
      132.550078,
      34.226369
     ],
     [
      132.550051,
      34.226341
     ],
     [
      132.550023,
      34.226314
     ],
     [
      132.549995,
      34.226286
     ],
     [
      132.549967,
      34.226258
     ],
     [
      132.54994,
      34.22623
     ],
     [
      132.549913,
      34.226202
     ],
     [
      132.549884,
      34.226174
     ],
     [
      132.549857,
      34.226147
     ],
     [
      132.549829,
      34.226119
     ],
     [
      132.549802,
      34.226091
     ],
     [
      132.549774,
      34.226064
     ],
     [
      132.549745,
      34.226036
     ],
     [
      132.549717,
      34.226009
     ],
     [
      132.54969,
      34.225981
     ],
     [
      132.549662,
      34.225954
     ],
     [
      132.549633,
      34.225926
     ],
     [
      132.549605,
      34.225898
     ],
     [
      132.549577,
      34.225871
     ],
     [
      132.54955,
      34.225843
     ],
     [
      132.549522,
      34.225816
     ],
     [
      132.549493,
      34.225788
     ],
     [
      132.549465,
      34.22576
     ],
     [
      132.549438,
      34.225733
     ],
     [
      132.54941,
      34.225705
     ],
     [
      132.549381,
      34.225678
     ],
     [
      132.549353,
      34.22565
     ],
     [
      132.549326,
      34.225622
     ],
     [
      132.549298,
      34.225595
     ],
     [
      132.549269,
      34.225567
     ],
     [
      132.549241,
      34.22554
     ],
     [
      132.549213,
      34.225513
     ],
     [
      132.549185,
      34.225485
     ],
     [
      132.549156,
      34.225458
     ],
     [
      132.549128,
      34.225431
     ],
     [
      132.549099,
      34.225403
     ],
     [
      132.549071,
      34.225376
     ],
     [
      132.549041,
      34.22535
     ],
     [
      132.549013,
      34.225323
     ],
     [
      132.548984,
      34.225296
     ],
     [
      132.548954,
      34.22527
     ],
     [
      132.548925,
      34.225243
     ],
     [
      132.548895,
      34.225216
     ],
     [
      132.548864,
      34.225191
     ],
     [
      132.548834,
      34.225165
     ],
     [
      132.548802,
      34.225141
     ],
     [
      132.54877,
      34.225116
     ],
     [
      132.548737,
      34.225093
     ],
     [
      132.548703,
      34.225069
     ],
     [
      132.548668,
      34.225048
     ],
     [
      132.548633,
      34.225027
     ],
     [
      132.548597,
      34.225008
     ],
     [
      132.548559,
      34.22499
     ],
     [
      132.54852,
      34.224974
     ],
     [
      132.54848,
      34.224959
     ],
     [
      132.54844,
      34.224945
     ],
     [
      132.548399,
      34.224932
     ],
     [
      132.548358,
      34.224923
     ],
     [
      132.548315,
      34.224914
     ],
     [
      132.548273,
      34.224905
     ],
     [
      132.548231,
      34.2249
     ],
     [
      132.548187,
      34.224896
     ],
     [
      132.548144,
      34.224894
     ],
     [
      132.5481,
      34.224894
     ],
     [
      132.548057,
      34.224896
     ],
     [
      132.548013,
      34.224898
     ],
     [
      132.54797,
      34.224902
     ],
     [
      132.547927,
      34.224907
     ],
     [
      132.547885,
      34.224914
     ],
     [
      132.547841,
      34.224922
     ],
     [
      132.547799,
      34.224929
     ],
     [
      132.547757,
      34.224937
     ],
     [
      132.547714,
      34.224946
     ],
     [
      132.547673,
      34.224954
     ],
     [
      132.547631,
      34.224963
     ],
     [
      132.547588,
      34.224973
     ],
     [
      132.547547,
      34.224982
     ],
     [
      132.547505,
      34.224992
     ],
     [
      132.547462,
      34.225001
     ],
     [
      132.547421,
      34.225011
     ],
     [
      132.547379,
      34.225021
     ],
     [
      132.547337,
      34.22503
     ],
     [
      132.547295,
      34.22504
     ],
     [
      132.547254,
      34.22505
     ],
     [
      132.547211,
      34.225059
     ],
     [
      132.54717,
      34.225069
     ],
     [
      132.547128,
      34.225078
     ],
     [
      132.547085,
      34.225088
     ],
     [
      132.547044,
      34.225097
     ],
     [
      132.547001,
      34.225106
     ],
     [
      132.54696,
      34.225115
     ],
     [
      132.546918,
      34.225125
     ],
     [
      132.546877,
      34.225134
     ],
     [
      132.546834,
      34.225144
     ],
     [
      132.546792,
      34.225154
     ],
     [
      132.54675,
      34.225163
     ],
     [
      132.546708,
      34.225173
     ],
     [
      132.546667,
      34.225182
     ],
     [
      132.546624,
      34.225192
     ],
     [
      132.546582,
      34.225201
     ],
     [
      132.546541,
      34.22521
     ],
     [
      132.546498,
      34.225219
     ],
     [
      132.546456,
      34.225229
     ],
     [
      132.546415,
      34.225238
     ],
     [
      132.546372,
      34.225247
     ],
     [
      132.54633,
      34.225255
     ],
     [
      132.546288,
      34.225263
     ],
     [
      132.546245,
      34.225271
     ],
     [
      132.546203,
      34.225278
     ],
     [
      132.546159,
      34.225284
     ],
     [
      132.546117,
      34.225289
     ],
     [
      132.546073,
      34.22529
     ],
     [
      132.54603,
      34.22529
     ],
     [
      132.545987,
      34.225288
     ],
     [
      132.545943,
      34.225281
     ],
     [
      132.545902,
      34.225271
     ],
     [
      132.545862,
      34.225258
     ],
     [
      132.545822,
      34.225242
     ],
     [
      132.545787,
      34.225223
     ],
     [
      132.545751,
      34.225201
     ],
     [
      132.545717,
      34.225179
     ],
     [
      132.545685,
      34.225154
     ],
     [
      132.545654,
      34.225129
     ],
     [
      132.545624,
      34.225104
     ],
     [
      132.545593,
      34.225078
     ],
     [
      132.545564,
      34.225051
     ],
     [
      132.545534,
      34.225024
     ],
     [
      132.545505,
      34.224997
     ],
     [
      132.545476,
      34.224971
     ],
     [
      132.545447,
      34.224944
     ],
     [
      132.545418,
      34.224917
     ],
     [
      132.54539,
      34.22489
     ],
     [
      132.545361,
      34.224863
     ],
     [
      132.545332,
      34.224836
     ],
     [
      132.545304,
      34.224809
     ],
     [
      132.545275,
      34.224781
     ],
     [
      132.545246,
      34.224754
     ],
     [
      132.545218,
      34.224727
     ],
     [
      132.54519,
      34.2247
     ],
     [
      132.545161,
      34.224673
     ],
     [
      132.545132,
      34.224646
     ],
     [
      132.545104,
      34.224618
     ],
     [
      132.545075,
      34.224591
     ],
     [
      132.545047,
      34.224564
     ],
     [
      132.545017,
      34.224537
     ],
     [
      132.544989,
      34.22451
     ],
     [
      132.54496,
      34.224484
     ],
     [
      132.54493,
      34.224457
     ],
     [
      132.544902,
      34.22443
     ],
     [
      132.544873,
      34.224403
     ],
     [
      132.544843,
      34.224376
     ],
     [
      132.544814,
      34.224349
     ],
     [
      132.544785,
      34.224322
     ],
     [
      132.544756,
      34.224296
     ],
     [
      132.544727,
      34.224269
     ],
     [
      132.544698,
      34.224242
     ],
     [
      132.544669,
      34.224215
     ],
     [
      132.54464,
      34.224188
     ],
     [
      132.544613,
      34.22416
     ],
     [
      132.544585,
      34.224133
     ],
     [
      132.544559,
      34.224104
     ],
     [
      132.544532,
      34.224075
     ],
     [
      132.544509,
      34.224046
     ],
     [
      132.544485,
      34.224015
     ],
     [
      132.544464,
      34.223983
     ],
     [
      132.544446,
      34.223951
     ],
     [
      132.544429,
      34.223918
     ],
     [
      132.544415,
      34.223883
     ],
     [
      132.544404,
      34.223848
     ],
     [
      132.544396,
      34.223813
     ],
     [
      132.54439,
      34.223777
     ],
     [
      132.544388,
      34.223741
     ],
     [
      132.544388,
      34.223705
     ],
     [
      132.544391,
      34.223669
     ],
     [
      132.544398,
      34.223634
     ],
     [
      132.544406,
      34.223599
     ],
     [
      132.544418,
      34.223563
     ],
     [
      132.544433,
      34.223529
     ],
     [
      132.54445,
      34.223496
     ],
     [
      132.544469,
      34.223464
     ],
     [
      132.544491,
      34.223433
     ],
     [
      132.544515,
      34.223403
     ],
     [
      132.544541,
      34.223374
     ],
     [
      132.544569,
      34.223346
     ],
     [
      132.544598,
      34.223319
     ],
     [
      132.544628,
      34.223293
     ],
     [
      132.544659,
      34.223268
     ],
     [
      132.54469,
      34.223243
     ],
     [
      132.544722,
      34.223217
     ],
     [
      132.544753,
      34.223193
     ],
     [
      132.544785,
      34.223169
     ],
     [
      132.544817,
      34.223144
     ],
     [
      132.544849,
      34.22312
     ],
     [
      132.544881,
      34.223096
     ],
     [
      132.544913,
      34.223071
     ],
     [
      132.544945,
      34.223047
     ],
     [
      132.544978,
      34.223024
     ],
     [
      132.545011,
      34.222999
     ],
     [
      132.545043,
      34.222975
     ],
     [
      132.545076,
      34.222951
     ],
     [
      132.545108,
      34.222927
     ],
     [
      132.545141,
      34.222904
     ],
     [
      132.545174,
      34.222879
     ],
     [
      132.545206,
      34.222856
     ],
     [
      132.545238,
      34.222832
     ],
     [
      132.54527,
      34.222808
     ],
     [
      132.545303,
      34.222784
     ],
     [
      132.545336,
      34.222759
     ],
     [
      132.545368,
      34.222736
     ],
     [
      132.545401,
      34.222712
     ],
     [
      132.545432,
      34.222687
     ],
     [
      132.545465,
      34.222664
     ],
     [
      132.545497,
      34.22264
     ],
     [
      132.54553,
      34.222615
     ],
     [
      132.545562,
      34.222591
     ],
     [
      132.545594,
      34.222567
     ],
     [
      132.545627,
      34.222543
     ],
     [
      132.545659,
      34.222519
     ],
     [
      132.545691,
      34.222494
     ],
     [
      132.545724,
      34.222471
     ],
     [
      132.545756,
      34.222447
     ],
     [
      132.545789,
      34.222422
     ],
     [
      132.545821,
      34.222399
     ],
     [
      132.545853,
      34.222375
     ],
     [
      132.545885,
      34.222351
     ],
     [
      132.545918,
      34.222327
     ],
     [
      132.545951,
      34.222302
     ],
     [
      132.545983,
      34.222279
     ],
     [
      132.546016,
      34.222255
     ],
     [
      132.546048,
      34.222231
     ],
     [
      132.546081,
      34.222207
     ],
     [
      132.546114,
      34.222183
     ],
     [
      132.546145,
      34.222159
     ],
     [
      132.546178,
      34.222135
     ],
     [
      132.54621,
      34.222111
     ],
     [
      132.546243,
      34.222087
     ],
     [
      132.546276,
      34.222064
     ],
     [
      132.546308,
      34.222039
     ],
     [
      132.546341,
      34.222016
     ],
     [
      132.546373,
      34.221992
     ],
     [
      132.546406,
      34.221968
     ],
     [
      132.546439,
      34.221944
     ],
     [
      132.54647,
      34.221919
     ],
     [
      132.546503,
      34.221895
     ],
     [
      132.546534,
      34.221871
     ],
     [
      132.546566,
      34.221846
     ],
     [
      132.546596,
      34.221819
     ],
     [
      132.546625,
      34.221793
     ],
     [
      132.546654,
      34.221766
     ],
     [
      132.546682,
      34.221738
     ],
     [
      132.546708,
      34.221709
     ],
     [
      132.546733,
      34.22168
     ],
     [
      132.546756,
      34.221649
     ],
     [
      132.546777,
      34.221617
     ],
     [
      132.546794,
      34.221585
     ],
     [
      132.546809,
      34.221551
     ],
     [
      132.546822,
      34.221517
     ],
     [
      132.546831,
      34.221481
     ],
     [
      132.546836,
      34.221445
     ],
     [
      132.546838,
      34.221409
     ],
     [
      132.546838,
      34.221373
     ],
     [
      132.546834,
      34.221337
     ],
     [
      132.546828,
      34.221302
     ],
     [
      132.546818,
      34.221267
     ],
     [
      132.546806,
      34.221233
     ],
     [
      132.54679,
      34.221198
     ],
     [
      132.546772,
      34.221166
     ],
     [
      132.546752,
      34.221134
     ],
     [
      132.546729,
      34.221103
     ],
     [
      132.546705,
      34.221073
     ],
     [
      132.54668,
      34.221044
     ],
     [
      132.546653,
      34.221015
     ],
     [
      132.546627,
      34.220987
     ],
     [
      132.546598,
      34.220959
     ],
     [
      132.546571,
      34.220932
     ],
     [
      132.546543,
      34.220904
     ],
     [
      132.546515,
      34.220876
     ],
     [
      132.546487,
      34.220849
     ],
     [
      132.546459,
      34.220821
     ],
     [
      132.546431,
      34.220793
     ],
     [
      132.546404,
      34.220765
     ],
     [
      132.546376,
      34.220738
     ],
     [
      132.546348,
      34.22071
     ],
     [
      132.54632,
      34.220682
     ],
     [
      132.546293,
      34.220654
     ],
     [
      132.546265,
      34.220627
     ],
     [
      132.546236,
      34.220599
     ],
     [
      132.546208,
      34.220572
     ],
     [
      132.54618,
      34.220544
     ],
     [
      132.546152,
      34.220517
     ],
     [
      132.546125,
      34.220489
     ],
     [
      132.546096,
      34.220462
     ],
     [
      132.546068,
      34.220434
     ],
     [
      132.54604,
      34.220407
     ],
     [
      132.546011,
      34.220379
     ],
     [
      132.545983,
      34.220351
     ],
     [
      132.545956,
      34.220324
     ],
     [
      132.545928,
      34.220296
     ],
     [
      132.5459,
      34.220269
     ],
     [
      132.545871,
      34.220241
     ],
     [
      132.545843,
      34.220214
     ],
     [
      132.545815,
      34.220186
     ],
     [
      132.545787,
      34.220159
     ],
     [
      132.545758,
      34.220132
     ],
     [
      132.54573,
      34.220104
     ],
     [
      132.545702,
      34.220077
     ],
     [
      132.545674,
      34.22005
     ],
     [
      132.545645,
      34.220022
     ],
     [
      132.545617,
      34.219995
     ],
     [
      132.545589,
      34.219967
     ],
     [
      132.545561,
      34.21994
     ],
     [
      132.545532,
      34.219912
     ],
     [
      132.545504,
      34.219885
     ],
     [
      132.545477,
      34.219857
     ],
     [
      132.545449,
      34.219829
     ],
     [
      132.545421,
      34.219802
     ],
     [
      132.545393,
      34.219774
     ],
     [
      132.545366,
      34.219746
     ],
     [
      132.545338,
      34.219718
     ],
     [
      132.545311,
      34.21969
     ],
     [
      132.545283,
      34.219663
     ],
     [
      132.545256,
      34.219635
     ],
     [
      132.545229,
      34.219607
     ],
     [
      132.545202,
      34.219578
     ],
     [
      132.545175,
      34.21955
     ],
     [
      132.545148,
      34.219522
     ],
     [
      132.545121,
      34.219493
     ],
     [
      132.545094,
      34.219464
     ],
     [
      132.545069,
      34.219435
     ],
     [
      132.545043,
      34.219407
     ],
     [
      132.545018,
      34.219377
     ],
     [
      132.544994,
      34.219347
     ],
     [
      132.54497,
      34.219316
     ],
     [
      132.544948,
      34.219286
     ],
     [
      132.544925,
      34.219255
     ],
     [
      132.544903,
      34.219225
     ],
     [
      132.544881,
      34.219193
     ],
     [
      132.544862,
      34.219161
     ],
     [
      132.544842,
      34.219129
     ],
     [
      132.544823,
      34.219096
     ],
     [
      132.544805,
      34.219063
     ],
     [
      132.544788,
      34.21903
     ],
     [
      132.544772,
      34.218996
     ],
     [
      132.544756,
      34.218963
     ],
     [
      132.544741,
      34.218929
     ],
     [
      132.544727,
      34.218895
     ],
     [
      132.544714,
      34.21886
     ],
     [
      132.544702,
      34.218826
     ],
     [
      132.54469,
      34.218791
     ],
     [
      132.544679,
      34.218757
     ],
     [
      132.544669,
      34.218722
     ],
     [
      132.544661,
      34.218686
     ],
     [
      132.544652,
      34.21865
     ],
     [
      132.544644,
      34.218615
     ],
     [
      132.544638,
      34.218579
     ],
     [
      132.544632,
      34.218544
     ],
     [
      132.544627,
      34.218508
     ],
     [
      132.544623,
      34.218472
     ],
     [
      132.544619,
      34.218436
     ],
     [
      132.544618,
      34.2184
     ],
     [
      132.544617,
      34.218364
     ],
     [
      132.544618,
      34.218328
     ],
     [
      132.544622,
      34.218292
     ],
     [
      132.544625,
      34.218257
     ],
     [
      132.54463,
      34.21822
     ],
     [
      132.544636,
      34.218184
     ],
     [
      132.544641,
      34.218148
     ],
     [
      132.544647,
      34.218113
     ],
     [
      132.544653,
      34.218077
     ],
     [
      132.544659,
      34.218042
     ],
     [
      132.544664,
      34.218006
     ],
     [
      132.544669,
      34.21797
     ],
     [
      132.544675,
      34.217935
     ],
     [
      132.54468,
      34.217899
     ],
     [
      132.544687,
      34.217863
     ],
     [
      132.544692,
      34.217827
     ],
     [
      132.544698,
      34.217791
     ],
     [
      132.544704,
      34.217755
     ],
     [
      132.54471,
      34.21772
     ],
     [
      132.544715,
      34.217684
     ],
     [
      132.54472,
      34.217648
     ],
     [
      132.544727,
      34.217613
     ],
     [
      132.544732,
      34.217577
     ],
     [
      132.544739,
      34.217541
     ],
     [
      132.544745,
      34.217506
     ],
     [
      132.544752,
      34.21747
     ],
     [
      132.54476,
      34.217435
     ],
     [
      132.544768,
      34.217399
     ],
     [
      132.544777,
      34.217364
     ],
     [
      132.544787,
      34.217329
     ],
     [
      132.544799,
      34.217294
     ],
     [
      132.544811,
      34.21726
     ],
     [
      132.544824,
      34.217225
     ],
     [
      132.544838,
      34.217191
     ],
     [
      132.544853,
      34.217157
     ],
     [
      132.544869,
      34.217124
     ],
     [
      132.544886,
      34.21709
     ],
     [
      132.544902,
      34.217057
     ],
     [
      132.544918,
      34.217024
     ],
     [
      132.544936,
      34.21699
     ],
     [
      132.544953,
      34.216958
     ],
     [
      132.544972,
      34.216924
     ],
     [
      132.544989,
      34.216892
     ],
     [
      132.545006,
      34.216859
     ],
     [
      132.545025,
      34.216826
     ],
     [
      132.545043,
      34.216793
     ],
     [
      132.545061,
      34.21676
     ],
     [
      132.545079,
      34.216728
     ],
     [
      132.545098,
      34.216695
     ],
     [
      132.545115,
      34.216662
     ],
     [
      132.545133,
      34.216629
     ],
     [
      132.545151,
      34.216596
     ],
     [
      132.545167,
      34.216563
     ],
     [
      132.545183,
      34.21653
     ],
     [
      132.5452,
      34.216496
     ],
     [
      132.545214,
      34.216462
     ],
     [
      132.545228,
      34.216428
     ],
     [
      132.54524,
      34.216394
     ],
     [
      132.545251,
      34.216358
     ],
     [
      132.545261,
      34.216323
     ],
     [
      132.545268,
      34.216288
     ],
     [
      132.545275,
      34.216252
     ],
     [
      132.54528,
      34.216216
     ],
     [
      132.545284,
      34.21618
     ],
     [
      132.545288,
      34.216145
     ],
     [
      132.545291,
      34.216109
     ],
     [
      132.545294,
      34.216073
     ],
     [
      132.545298,
      34.216037
     ],
     [
      132.5453,
      34.216001
     ],
     [
      132.545302,
      34.215964
     ],
     [
      132.545303,
      34.215928
     ],
     [
      132.545304,
      34.215892
     ],
     [
      132.545305,
      34.215856
     ],
     [
      132.545305,
      34.21582
     ],
     [
      132.545305,
      34.215784
     ],
     [
      132.545305,
      34.215748
     ],
     [
      132.545305,
      34.215712
     ],
     [
      132.545305,
      34.215676
     ],
     [
      132.545306,
      34.21564
     ],
     [
      132.545307,
      34.215604
     ],
     [
      132.545309,
      34.215568
     ],
     [
      132.545312,
      34.215532
     ],
     [
      132.545314,
      34.215496
     ],
     [
      132.545316,
      34.21546
     ],
     [
      132.545319,
      34.215424
     ],
     [
      132.545321,
      34.215388
     ],
     [
      132.545324,
      34.215352
     ],
     [
      132.545325,
      34.215316
     ],
     [
      132.545326,
      34.21528
     ],
     [
      132.545326,
      34.215244
     ],
     [
      132.545326,
      34.215208
     ],
     [
      132.545326,
      34.215172
     ],
     [
      132.545325,
      34.215136
     ],
     [
      132.545323,
      34.2151
     ],
     [
      132.545319,
      34.215064
     ],
     [
      132.545315,
      34.215028
     ],
     [
      132.545308,
      34.214992
     ],
     [
      132.545302,
      34.214957
     ],
     [
      132.545294,
      34.214921
     ],
     [
      132.545284,
      34.214886
     ],
     [
      132.545275,
      34.21485
     ],
     [
      132.545265,
      34.214816
     ],
     [
      132.545253,
      34.214781
     ],
     [
      132.545242,
      34.214746
     ],
     [
      132.54523,
      34.214712
     ],
     [
      132.545218,
      34.214677
     ],
     [
      132.545206,
      34.214642
     ],
     [
      132.545194,
      34.214607
     ],
     [
      132.545182,
      34.214573
     ],
     [
      132.545171,
      34.214538
     ],
     [
      132.54516,
      34.214503
     ],
     [
      132.545148,
      34.214468
     ],
     [
      132.545136,
      34.214434
     ],
     [
      132.545124,
      34.214399
     ],
     [
      132.545111,
      34.214365
     ],
     [
      132.545099,
      34.21433
     ],
     [
      132.545087,
      34.214295
     ],
     [
      132.545074,
      34.214261
     ],
     [
      132.545062,
      34.214227
     ],
     [
      132.545049,
      34.214192
     ],
     [
      132.545037,
      34.214157
     ],
     [
      132.545024,
      34.214123
     ],
     [
      132.545012,
      34.214089
     ],
     [
      132.544999,
      34.214054
     ],
     [
      132.544986,
      34.214019
     ],
     [
      132.544974,
      34.213985
     ],
     [
      132.544961,
      34.213951
     ],
     [
      132.544948,
      34.213916
     ],
     [
      132.544935,
      34.213882
     ],
     [
      132.544922,
      34.213847
     ],
     [
      132.544908,
      34.213813
     ],
     [
      132.544897,
      34.213778
     ],
     [
      132.544883,
      34.213744
     ],
     [
      132.54487,
      34.213709
     ],
     [
      132.544857,
      34.213675
     ],
     [
      132.544845,
      34.213641
     ],
     [
      132.544832,
      34.213606
     ],
     [
      132.544819,
      34.213572
     ],
     [
      132.544805,
      34.213537
     ],
     [
      132.544792,
      34.213503
     ],
     [
      132.544778,
      34.213469
     ],
     [
      132.544765,
      34.213435
     ],
     [
      132.544751,
      34.2134
     ],
     [
      132.544739,
      34.213366
     ],
     [
      132.544727,
      34.213331
     ],
     [
      132.544716,
      34.213297
     ],
     [
      132.544706,
      34.213261
     ],
     [
      132.544698,
      34.213226
     ],
     [
      132.54469,
      34.21319
     ],
     [
      132.544682,
      34.213155
     ],
     [
      132.544676,
      34.213119
     ],
     [
      132.544671,
      34.213083
     ],
     [
      132.544666,
      34.213048
     ],
     [
      132.544662,
      34.213012
     ],
     [
      132.54466,
      34.212976
     ],
     [
      132.544656,
      34.21294
     ],
     [
      132.544655,
      34.212904
     ],
     [
      132.544654,
      34.212868
     ],
     [
      132.544654,
      34.212832
     ],
     [
      132.544655,
      34.212795
     ],
     [
      132.544656,
      34.212759
     ],
     [
      132.544657,
      34.212723
     ],
     [
      132.544661,
      34.212687
     ],
     [
      132.544663,
      34.212651
     ],
     [
      132.544666,
      34.212615
     ],
     [
      132.544671,
      34.21258
     ],
     [
      132.544674,
      34.212544
     ],
     [
      132.544678,
      34.212508
     ],
     [
      132.544682,
      34.212472
     ],
     [
      132.544687,
      34.212436
     ],
     [
      132.544692,
      34.212401
     ],
     [
      132.544697,
      34.212365
     ],
     [
      132.544701,
      34.212329
     ],
     [
      132.544705,
      34.212293
     ],
     [
      132.54471,
      34.212257
     ],
     [
      132.544713,
      34.21222
     ],
     [
      132.544716,
      34.212185
     ],
     [
      132.544719,
      34.212149
     ],
     [
      132.544723,
      34.212113
     ],
     [
      132.544726,
      34.212077
     ],
     [
      132.544729,
      34.212041
     ],
     [
      132.544731,
      34.212005
     ],
     [
      132.544735,
      34.211969
     ],
     [
      132.544737,
      34.211933
     ],
     [
      132.544738,
      34.211897
     ],
     [
      132.544739,
      34.211861
     ],
     [
      132.544739,
      34.211825
     ],
     [
      132.544738,
      34.211789
     ],
     [
      132.544737,
      34.211753
     ],
     [
      132.544735,
      34.211717
     ],
     [
      132.544731,
      34.211681
     ],
     [
      132.544728,
      34.211645
     ],
     [
      132.544724,
      34.211609
     ],
     [
      132.544719,
      34.211573
     ],
     [
      132.544714,
      34.211537
     ],
     [
      132.544709,
      34.211502
     ],
     [
      132.544702,
      34.211466
     ],
     [
      132.544695,
      34.21143
     ],
     [
      132.544689,
      34.211395
     ],
     [
      132.544681,
      34.211359
     ],
     [
      132.544674,
      34.211324
     ],
     [
      132.544665,
      34.211289
     ],
     [
      132.544656,
      34.211253
     ],
     [
      132.544647,
      34.211218
     ],
     [
      132.544637,
      34.211183
     ],
     [
      132.544626,
      34.211148
     ],
     [
      132.544615,
      34.211113
     ],
     [
      132.544604,
      34.211079
     ],
     [
      132.544593,
      34.211043
     ],
     [
      132.544581,
      34.211008
     ],
     [
      132.544569,
      34.210974
     ],
     [
      132.544557,
      34.210939
     ],
     [
      132.544546,
      34.210905
     ],
     [
      132.544534,
      34.21087
     ],
     [
      132.544522,
      34.210835
     ],
     [
      132.544509,
      34.210801
     ],
     [
      132.544497,
      34.210766
     ],
     [
      132.544485,
      34.210732
     ],
     [
      132.544473,
      34.210697
     ],
     [
      132.544461,
      34.210662
     ],
     [
      132.544451,
      34.210627
     ],
     [
      132.544441,
      34.210592
     ],
     [
      132.544434,
      34.210557
     ],
     [
      132.544427,
      34.210521
     ],
     [
      132.544423,
      34.210485
     ],
     [
      132.544421,
      34.210448
     ],
     [
      132.544419,
      34.210413
     ],
     [
      132.544419,
      34.210377
     ],
     [
      132.544421,
      34.210341
     ],
     [
      132.544422,
      34.210305
     ],
     [
      132.544423,
      34.210269
     ],
     [
      132.544423,
      34.210233
     ],
     [
      132.544422,
      34.210197
     ],
     [
      132.544419,
      34.210161
     ],
     [
      132.544415,
      34.210125
     ],
     [
      132.54441,
      34.210089
     ],
     [
      132.544403,
      34.210054
     ],
     [
      132.544397,
      34.210018
     ],
     [
      132.544388,
      34.209983
     ],
     [
      132.544379,
      34.209947
     ],
     [
      132.544369,
      34.209912
     ],
     [
      132.54436,
      34.209877
     ],
     [
      132.544349,
      34.209842
     ],
     [
      132.544339,
      34.209807
     ],
     [
      132.544328,
      34.209772
     ],
     [
      132.544318,
      34.209736
     ],
     [
      132.544308,
      34.209702
     ],
     [
      132.544297,
      34.209667
     ],
     [
      132.544286,
      34.209632
     ],
     [
      132.544275,
      34.209597
     ],
     [
      132.544263,
      34.209563
     ],
     [
      132.544252,
      34.209527
     ],
     [
      132.54424,
      34.209493
     ],
     [
      132.544228,
      34.209458
     ],
     [
      132.544216,
      34.209424
     ],
     [
      132.544204,
      34.209389
     ],
     [
      132.544192,
      34.209354
     ],
     [
      132.544179,
      34.20932
     ],
     [
      132.544166,
      34.209285
     ],
     [
      132.544153,
      34.209251
     ],
     [
      132.54414,
      34.209216
     ],
     [
      132.544127,
      34.209182
     ],
     [
      132.544114,
      34.209148
     ],
     [
      132.544101,
      34.209114
     ],
     [
      132.544089,
      34.209079
     ],
     [
      132.544076,
      34.209044
     ],
     [
      132.544064,
      34.20901
     ],
     [
      132.544051,
      34.208975
     ],
     [
      132.544039,
      34.208941
     ],
     [
      132.544027,
      34.208906
     ],
     [
      132.544015,
      34.208871
     ],
     [
      132.544003,
      34.208837
     ],
     [
      132.543991,
      34.208802
     ],
     [
      132.543979,
      34.208768
     ],
     [
      132.543966,
      34.208732
     ],
     [
      132.543954,
      34.208698
     ],
     [
      132.543942,
      34.208664
     ],
     [
      132.54393,
      34.208629
     ],
     [
      132.543917,
      34.208595
     ],
     [
      132.543905,
      34.20856
     ],
     [
      132.543894,
      34.208525
     ],
     [
      132.54388,
      34.208491
     ],
     [
      132.543869,
      34.208456
     ],
     [
      132.543857,
      34.208421
     ],
     [
      132.543845,
      34.208387
     ],
     [
      132.543833,
      34.208352
     ],
     [
      132.543821,
      34.208318
     ],
     [
      132.543809,
      34.208283
     ],
     [
      132.543796,
      34.208248
     ],
     [
      132.543784,
      34.208214
     ],
     [
      132.543771,
      34.208179
     ],
     [
      132.543759,
      34.208145
     ],
     [
      132.543747,
      34.208111
     ],
     [
      132.543735,
      34.208075
     ],
     [
      132.543723,
      34.208041
     ],
     [
      132.543711,
      34.208006
     ],
     [
      132.5437,
      34.207972
     ],
     [
      132.543688,
      34.207937
     ],
     [
      132.543677,
      34.207901
     ],
     [
      132.543666,
      34.207866
     ],
     [
      132.543657,
      34.207832
     ],
     [
      132.543646,
      34.207797
     ],
     [
      132.543636,
      34.207762
     ],
     [
      132.543625,
      34.207727
     ],
     [
      132.543615,
      34.207691
     ],
     [
      132.543606,
      34.207656
     ],
     [
      132.543596,
      34.207621
     ],
     [
      132.543585,
      34.207586
     ],
     [
      132.543574,
      34.207552
     ],
     [
      132.543564,
      34.207517
     ],
     [
      132.543553,
      34.207481
     ],
     [
      132.543543,
      34.207446
     ],
     [
      132.543533,
      34.207411
     ],
     [
      132.543524,
      34.207376
     ],
     [
      132.543516,
      34.207341
     ],
     [
      132.543511,
      34.207305
     ],
     [
      132.543507,
      34.207269
     ],
     [
      132.543504,
      34.207233
     ],
     [
      132.543504,
      34.207197
     ],
     [
      132.543504,
      34.207161
     ],
     [
      132.543507,
      34.207124
     ],
     [
      132.54351,
      34.207088
     ],
     [
      132.543514,
      34.207053
     ],
     [
      132.543521,
      34.207017
     ],
     [
      132.543528,
      34.206982
     ],
     [
      132.543537,
      34.206946
     ],
     [
      132.543547,
      34.206911
     ],
     [
      132.543558,
      34.206877
     ],
     [
      132.54357,
      34.206841
     ],
     [
      132.543583,
      34.206807
     ],
     [
      132.543597,
      34.206773
     ],
     [
      132.543612,
      34.20674
     ],
     [
      132.543627,
      34.206705
     ],
     [
      132.543645,
      34.206672
     ],
     [
      132.543661,
      34.20664
     ],
     [
      132.543679,
      34.206606
     ],
     [
      132.543698,
      34.206574
     ],
     [
      132.543717,
      34.206541
     ],
     [
      132.543736,
      34.206509
     ],
     [
      132.543757,
      34.206477
     ],
     [
      132.543776,
      34.206445
     ],
     [
      132.543796,
      34.206412
     ],
     [
      132.543815,
      34.206381
     ],
     [
      132.543836,
      34.206349
     ],
     [
      132.543858,
      34.206318
     ],
     [
      132.54388,
      34.206287
     ],
     [
      132.543904,
      34.206257
     ],
     [
      132.54393,
      34.206229
     ],
     [
      132.543959,
      34.206201
     ],
     [
      132.543988,
      34.206174
     ],
     [
      132.544018,
      34.206148
     ],
     [
      132.544049,
      34.206122
     ],
     [
      132.544079,
      34.206097
     ],
     [
      132.54411,
      34.206071
     ],
     [
      132.544138,
      34.206044
     ],
     [
      132.544164,
      34.206015
     ],
     [
      132.544187,
      34.205984
     ],
     [
      132.544204,
      34.205951
     ],
     [
      132.544216,
      34.205917
     ],
     [
      132.544223,
      34.205881
     ],
     [
      132.544224,
      34.205845
     ],
     [
      132.544223,
      34.205809
     ],
     [
      132.54422,
      34.205773
     ],
     [
      132.544215,
      34.205737
     ],
     [
      132.544211,
      34.205701
     ],
     [
      132.544206,
      34.205665
     ],
     [
      132.544203,
      34.205629
     ],
     [
      132.5442,
      34.205593
     ],
     [
      132.544198,
      34.205557
     ],
     [
      132.544195,
      34.205522
     ],
     [
      132.544191,
      34.205486
     ],
     [
      132.544187,
      34.20545
     ],
     [
      132.544181,
      34.205414
     ],
     [
      132.544174,
      34.205379
     ],
     [
      132.544165,
      34.205343
     ],
     [
      132.544154,
      34.205308
     ],
     [
      132.544141,
      34.205274
     ],
     [
      132.544128,
      34.20524
     ],
     [
      132.544112,
      34.205206
     ],
     [
      132.544096,
      34.205172
     ],
     [
      132.544078,
      34.20514
     ],
     [
      132.544059,
      34.205107
     ],
     [
      132.544039,
      34.205075
     ],
     [
      132.544017,
      34.205044
     ],
     [
      132.543996,
      34.205013
     ],
     [
      132.543972,
      34.204982
     ],
     [
      132.543948,
      34.204952
     ],
     [
      132.543923,
      34.204923
     ],
     [
      132.543898,
      34.204894
     ],
     [
      132.543873,
      34.204864
     ],
     [
      132.543847,
      34.204835
     ],
     [
      132.543821,
      34.204806
     ],
     [
      132.543794,
      34.204777
     ],
     [
      132.543767,
      34.20475
     ],
     [
      132.54374,
      34.204722
     ],
     [
      132.543713,
      34.204694
     ],
     [
      132.543685,
      34.204666
     ],
     [
      132.543657,
      34.204638
     ],
     [
      132.543628,
      34.204611
     ],
     [
      132.543599,
      34.204584
     ],
     [
      132.54357,
      34.204558
     ],
     [
      132.54354,
      34.204531
     ],
     [
      132.543511,
      34.204504
     ],
     [
      132.543481,
      34.204478
     ],
     [
      132.543451,
      34.204452
     ],
     [
      132.543422,
      34.204425
     ],
     [
      132.543393,
      34.204399
     ],
     [
      132.543363,
      34.204372
     ],
     [
      132.543335,
      34.204345
     ],
     [
      132.543307,
      34.204318
     ],
     [
      132.543278,
      34.20429
     ],
     [
      132.543251,
      34.204262
     ],
     [
      132.543224,
      34.204234
     ],
     [
      132.543197,
      34.204206
     ],
     [
      132.54317,
      34.204178
     ],
     [
      132.543143,
      34.204149
     ],
     [
      132.543115,
      34.204121
     ],
     [
      132.543088,
      34.204093
     ],
     [
      132.543061,
      34.204065
     ],
     [
      132.543034,
      34.204037
     ],
     [
      132.543006,
      34.20401
     ],
     [
      132.542979,
      34.203982
     ],
     [
      132.54295,
      34.203954
     ],
     [
      132.542922,
      34.203927
     ],
     [
      132.542893,
      34.2039
     ],
     [
      132.542864,
      34.203873
     ],
     [
      132.542835,
      34.203846
     ],
     [
      132.542806,
      34.203819
     ],
     [
      132.542776,
      34.203792
     ],
     [
      132.542747,
      34.203766
     ],
     [
      132.542717,
      34.20374
     ],
     [
      132.542687,
      34.203714
     ],
     [
      132.542658,
      34.203688
     ],
     [
      132.542628,
      34.203662
     ],
     [
      132.542598,
      34.203635
     ],
     [
      132.542568,
      34.203608
     ],
     [
      132.542538,
      34.203582
     ],
     [
      132.542508,
      34.203556
     ],
     [
      132.542479,
      34.20353
     ],
     [
      132.542449,
      34.203504
     ],
     [
      132.542419,
      34.203477
     ],
     [
      132.54239,
      34.203451
     ],
     [
      132.542359,
      34.203425
     ],
     [
      132.54233,
      34.203398
     ],
     [
      132.542299,
      34.203372
     ],
     [
      132.54227,
      34.203346
     ],
     [
      132.54224,
      34.20332
     ],
     [
      132.54221,
      34.203294
     ],
     [
      132.54218,
      34.203268
     ],
     [
      132.54215,
      34.203242
     ],
     [
      132.542121,
      34.203216
     ],
     [
      132.542091,
      34.203189
     ],
     [
      132.542061,
      34.203162
     ],
     [
      132.542032,
      34.203136
     ],
     [
      132.542002,
      34.20311
     ],
     [
      132.541972,
      34.203084
     ],
     [
      132.541943,
      34.203057
     ],
     [
      132.541912,
      34.203031
     ],
     [
      132.541883,
      34.203005
     ],
     [
      132.541854,
      34.202978
     ],
     [
      132.541824,
      34.202951
     ],
     [
      132.541794,
      34.202925
     ],
     [
      132.541765,
      34.202899
     ],
     [
      132.541734,
      34.202873
     ],
     [
      132.541705,
      34.202847
     ],
     [
      132.541674,
      34.202821
     ],
     [
      132.541644,
      34.202795
     ],
     [
      132.541615,
      34.202768
     ],
     [
      132.541584,
      34.202742
     ],
     [
      132.541555,
      34.202716
     ],
     [
      132.541525,
      34.20269
     ],
     [
      132.541496,
      34.202663
     ],
     [
      132.541467,
      34.202636
     ],
     [
      132.541439,
      34.202609
     ],
     [
      132.541411,
      34.202581
     ],
     [
      132.541385,
      34.202552
     ],
     [
      132.541359,
      34.202523
     ],
     [
      132.541335,
      34.202493
     ],
     [
      132.541313,
      34.202462
     ],
     [
      132.541292,
      34.20243
     ],
     [
      132.541272,
      34.202398
     ],
     [
      132.541255,
      34.202366
     ],
     [
      132.541239,
      34.202332
     ],
     [
      132.541223,
      34.202298
     ],
     [
      132.54121,
      34.202264
     ],
     [
      132.541198,
      34.202229
     ],
     [
      132.541187,
      34.202194
     ],
     [
      132.541177,
      34.202159
     ],
     [
      132.541167,
      34.202124
     ],
     [
      132.541159,
      34.202089
     ],
     [
      132.541152,
      34.202053
     ],
     [
      132.541145,
      34.202018
     ],
     [
      132.54114,
      34.201982
     ],
     [
      132.541135,
      34.201946
     ],
     [
      132.541131,
      34.20191
     ],
     [
      132.541127,
      34.201874
     ],
     [
      132.541124,
      34.201838
     ],
     [
      132.541119,
      34.201802
     ],
     [
      132.541116,
      34.201766
     ],
     [
      132.541112,
      34.20173
     ],
     [
      132.541107,
      34.201695
     ],
     [
      132.541104,
      34.201659
     ],
     [
      132.541101,
      34.201623
     ],
     [
      132.541096,
      34.201587
     ],
     [
      132.541093,
      34.201551
     ],
     [
      132.541091,
      34.201515
     ],
     [
      132.541088,
      34.201479
     ],
     [
      132.541084,
      34.201443
     ],
     [
      132.541081,
      34.201407
     ],
     [
      132.541078,
      34.201371
     ],
     [
      132.541076,
      34.201335
     ],
     [
      132.541072,
      34.201299
     ],
     [
      132.54107,
      34.201263
     ],
     [
      132.541068,
      34.201227
     ],
     [
      132.541067,
      34.201191
     ],
     [
      132.541065,
      34.201155
     ],
     [
      132.541063,
      34.201119
     ],
     [
      132.54106,
      34.201083
     ],
     [
      132.541057,
      34.201047
     ],
     [
      132.541055,
      34.201011
     ],
     [
      132.541053,
      34.200975
     ],
     [
      132.54105,
      34.200939
     ],
     [
      132.541047,
      34.200903
     ],
     [
      132.541046,
      34.200867
     ],
     [
      132.541044,
      34.200831
     ],
     [
      132.541042,
      34.200795
     ],
     [
      132.54104,
      34.200759
     ],
     [
      132.541038,
      34.200723
     ],
     [
      132.541034,
      34.200687
     ],
     [
      132.541032,
      34.200651
     ],
     [
      132.541029,
      34.200615
     ],
     [
      132.541027,
      34.200579
     ],
     [
      132.541026,
      34.200543
     ],
     [
      132.541024,
      34.200507
     ],
     [
      132.541022,
      34.200471
     ],
     [
      132.541021,
      34.200435
     ],
     [
      132.541019,
      34.200399
     ],
     [
      132.541016,
      34.200363
     ],
     [
      132.541013,
      34.200327
     ],
     [
      132.541009,
      34.200291
     ],
     [
      132.541004,
      34.200256
     ],
     [
      132.541,
      34.20022
     ],
     [
      132.540994,
      34.200184
     ],
     [
      132.54099,
      34.200147
     ],
     [
      132.540984,
      34.200112
     ],
     [
      132.540979,
      34.200076
     ],
     [
      132.540974,
      34.20004
     ],
     [
      132.540967,
      34.200005
     ],
     [
      132.540961,
      34.199969
     ],
     [
      132.540954,
      34.199934
     ],
     [
      132.540947,
      34.199898
     ],
     [
      132.540939,
      34.199863
     ],
     [
      132.540931,
      34.199827
     ],
     [
      132.540922,
      34.199791
     ],
     [
      132.540914,
      34.199756
     ],
     [
      132.540905,
      34.199721
     ],
     [
      132.540895,
      34.199686
     ],
     [
      132.540886,
      34.199651
     ],
     [
      132.540875,
      34.199616
     ],
     [
      132.540864,
      34.199581
     ],
     [
      132.540852,
      34.199546
     ],
     [
      132.540839,
      34.199512
     ],
     [
      132.540825,
      34.199478
     ],
     [
      132.540811,
      34.199444
     ],
     [
      132.540795,
      34.19941
     ],
     [
      132.540781,
      34.199376
     ],
     [
      132.540766,
      34.199342
     ],
     [
      132.540752,
      34.199308
     ],
     [
      132.540737,
      34.199274
     ],
     [
      132.540723,
      34.19924
     ],
     [
      132.540708,
      34.199206
     ],
     [
      132.540693,
      34.199172
     ],
     [
      132.540679,
      34.199138
     ],
     [
      132.540665,
      34.199104
     ],
     [
      132.54065,
      34.19907
     ],
     [
      132.540636,
      34.199036
     ],
     [
      132.54062,
      34.199002
     ],
     [
      132.540606,
      34.198969
     ],
     [
      132.540592,
      34.198934
     ],
     [
      132.540577,
      34.1989
     ],
     [
      132.540563,
      34.198867
     ],
     [
      132.540548,
      34.198832
     ],
     [
      132.540533,
      34.198798
     ],
     [
      132.540518,
      34.198765
     ],
     [
      132.540504,
      34.198731
     ],
     [
      132.540489,
      34.198696
     ],
     [
      132.540475,
      34.198663
     ],
     [
      132.540461,
      34.198629
     ],
     [
      132.540446,
      34.198595
     ],
     [
      132.540432,
      34.19856
     ],
     [
      132.540417,
      34.198527
     ],
     [
      132.540403,
      34.198493
     ],
     [
      132.540388,
      34.198459
     ],
     [
      132.540373,
      34.198425
     ],
     [
      132.540356,
      34.198392
     ],
     [
      132.54034,
      34.198358
     ],
     [
      132.540323,
      34.198325
     ],
     [
      132.540305,
      34.198292
     ],
     [
      132.540288,
      34.198259
     ],
     [
      132.540269,
      34.198227
     ],
     [
      132.540251,
      34.198193
     ],
     [
      132.540234,
      34.198161
     ],
     [
      132.540215,
      34.198129
     ],
     [
      132.540197,
      34.198095
     ],
     [
      132.540178,
      34.198063
     ],
     [
      132.54016,
      34.19803
     ],
     [
      132.540142,
      34.197997
     ],
     [
      132.540124,
      34.197964
     ],
     [
      132.540105,
      34.197932
     ],
     [
      132.540087,
      34.197899
     ],
     [
      132.540069,
      34.197866
     ],
     [
      132.540051,
      34.197834
     ],
     [
      132.540032,
      34.1978
     ],
     [
      132.540014,
      34.197768
     ],
     [
      132.539997,
      34.197736
     ],
     [
      132.539978,
      34.197702
     ],
     [
      132.539961,
      34.19767
     ],
     [
      132.539943,
      34.197636
     ],
     [
      132.539926,
      34.197604
     ],
     [
      132.539909,
      34.197571
     ],
     [
      132.539891,
      34.197537
     ],
     [
      132.539874,
      34.197505
     ],
     [
      132.539856,
      34.197471
     ],
     [
      132.539839,
      34.197438
     ],
     [
      132.539822,
      34.197405
     ],
     [
      132.539804,
      34.197372
     ],
     [
      132.539787,
      34.197339
     ],
     [
      132.539769,
      34.197306
     ],
     [
      132.539752,
      34.197273
     ],
     [
      132.539734,
      34.197241
     ],
     [
      132.539715,
      34.197207
     ],
     [
      132.539696,
      34.197175
     ],
     [
      132.539676,
      34.197143
     ],
     [
      132.539655,
      34.197112
     ],
     [
      132.539634,
      34.19708
     ],
     [
      132.539612,
      34.197049
     ],
     [
      132.539589,
      34.197018
     ],
     [
      132.539566,
      34.196988
     ],
     [
      132.539542,
      34.196958
     ],
     [
      132.539517,
      34.196928
     ],
     [
      132.539493,
      34.196898
     ],
     [
      132.539468,
      34.196868
     ],
     [
      132.539445,
      34.196839
     ],
     [
      132.539421,
      34.196808
     ],
     [
      132.539398,
      34.196777
     ],
     [
      132.539376,
      34.196746
     ],
     [
      132.539355,
      34.196714
     ],
     [
      132.539337,
      34.196682
     ],
     [
      132.53932,
      34.196649
     ],
     [
      132.539303,
      34.196615
     ],
     [
      132.539289,
      34.196582
     ],
     [
      132.539277,
      34.196547
     ],
     [
      132.539266,
      34.196512
     ],
     [
      132.539258,
      34.196476
     ],
     [
      132.53925,
      34.196441
     ],
     [
      132.539245,
      34.196405
     ],
     [
      132.53924,
      34.196369
     ],
     [
      132.539236,
      34.196334
     ],
     [
      132.53923,
      34.196298
     ],
     [
      132.539225,
      34.196262
     ],
     [
      132.539219,
      34.196227
     ],
     [
      132.53921,
      34.196192
     ],
     [
      132.539198,
      34.196156
     ],
     [
      132.539184,
      34.196122
     ],
     [
      132.539166,
      34.196089
     ],
     [
      132.539146,
      34.196057
     ],
     [
      132.539123,
      34.196027
     ],
     [
      132.539097,
      34.195998
     ],
     [
      132.539069,
      34.195971
     ],
     [
      132.539038,
      34.195945
     ],
     [
      132.539008,
      34.195919
     ],
     [
      132.538975,
      34.195896
     ],
     [
      132.538941,
      34.195873
     ],
     [
      132.538908,
      34.195849
     ],
     [
      132.538874,
      34.195827
     ],
     [
      132.53884,
      34.195804
     ],
     [
      132.538806,
      34.195782
     ],
     [
      132.538772,
      34.19576
     ],
     [
      132.538737,
      34.195738
     ],
     [
      132.538702,
      34.195717
     ],
     [
      132.538668,
      34.195694
     ],
     [
      132.538634,
      34.195672
     ],
     [
      132.538599,
      34.195651
     ],
     [
      132.538564,
      34.195628
     ],
     [
      132.538531,
      34.195606
     ],
     [
      132.538497,
      34.195583
     ],
     [
      132.538463,
      34.19556
     ],
     [
      132.538432,
      34.195535
     ],
     [
      132.538401,
      34.195509
     ],
     [
      132.538374,
      34.195481
     ],
     [
      132.538351,
      34.195451
     ],
     [
      132.538335,
      34.195417
     ],
     [
      132.538329,
      34.195382
     ],
     [
      132.538335,
      34.195346
     ],
     [
      132.538354,
      34.195315
     ],
     [
      132.538385,
      34.195289
     ],
     [
      132.538423,
      34.195271
     ],
     [
      132.538464,
      34.195261
     ],
     [
      132.538507,
      34.195256
     ],
     [
      132.53855,
      34.195255
     ],
     [
      132.538594,
      34.195257
     ],
     [
      132.538637,
      34.195261
     ],
     [
      132.538681,
      34.195264
     ],
     [
      132.538724,
      34.195266
     ],
     [
      132.538768,
      34.195265
     ],
     [
      132.53881,
      34.195259
     ],
     [
      132.53885,
      34.195244
     ],
     [
      132.538884,
      34.195222
     ],
     [
      132.538909,
      34.195193
     ],
     [
      132.538924,
      34.195159
     ],
     [
      132.538925,
      34.195123
     ],
     [
      132.538914,
      34.195088
     ],
     [
      132.538891,
      34.195058
     ],
     [
      132.53886,
      34.195033
     ],
     [
      132.538822,
      34.195016
     ],
     [
      132.538781,
      34.195005
     ],
     [
      132.538737,
      34.195001
     ],
     [
      132.538694,
      34.195001
     ],
     [
      132.53865,
      34.195003
     ],
     [
      132.538608,
      34.195008
     ],
     [
      132.538564,
      34.195015
     ],
     [
      132.538523,
      34.195023
     ],
     [
      132.538481,
      34.195033
     ],
     [
      132.53844,
      34.195046
     ],
     [
      132.538401,
      34.195063
     ],
     [
      132.538367,
      34.195084
     ],
     [
      132.538337,
      34.195111
     ],
     [
      132.538318,
      34.195142
     ],
     [
      132.538307,
      34.195178
     ],
     [
      132.538307,
      34.195214
     ],
     [
      132.538315,
      34.195249
     ],
     [
      132.538332,
      34.195282
     ],
     [
      132.538356,
      34.195312
     ],
     [
      132.538385,
      34.195339
     ],
     [
      132.538419,
      34.195361
     ],
     [
      132.538457,
      34.195378
     ],
     [
      132.538497,
      34.195392
     ],
     [
      132.538539,
      34.195402
     ],
     [
      132.538582,
      34.19541
     ],
     [
      132.538624,
      34.195416
     ],
     [
      132.538668,
      34.19542
     ],
     [
      132.538711,
      34.195423
     ],
     [
      132.538755,
      34.195424
     ],
     [
      132.538798,
      34.195422
     ],
     [
      132.53884,
      34.195416
     ],
     [
      132.538883,
      34.195408
     ],
     [
      132.538923,
      34.195396
     ],
     [
      132.538962,
      34.195379
     ],
     [
      132.538997,
      34.195357
     ],
     [
      132.539029,
      34.195333
     ],
     [
      132.539057,
      34.195306
     ],
     [
      132.539081,
      34.195275
     ],
     [
      132.5391,
      34.195243
     ],
     [
      132.539114,
      34.195209
     ],
     [
      132.539123,
      34.195174
     ],
     [
      132.539127,
      34.195138
     ],
     [
      132.539125,
      34.195102
     ],
     [
      132.539119,
      34.195066
     ],
     [
      132.539106,
      34.195032
     ],
     [
      132.539087,
      34.194999
     ],
     [
      132.539063,
      34.194969
     ],
     [
      132.539035,
      34.194942
     ],
     [
      132.539002,
      34.194918
     ],
     [
      132.538968,
      34.194897
     ],
     [
      132.538928,
      34.19488
     ],
     [
      132.538888,
      34.194868
     ],
     [
      132.538846,
      34.194859
     ],
     [
      132.538803,
      34.194852
     ],
     [
      132.53876,
      34.194848
     ],
     [
      132.538716,
      34.194846
     ],
     [
      132.538673,
      34.194846
     ],
     [
      132.53863,
      34.194847
     ],
     [
      132.538586,
      34.194849
     ],
     [
      132.538543,
      34.19485
     ],
     [
      132.538499,
      34.194852
     ],
     [
      132.538456,
      34.194855
     ],
     [
      132.538412,
      34.194857
     ],
     [
      132.53837,
      34.194859
     ],
     [
      132.538326,
      34.194862
     ],
     [
      132.538283,
      34.194864
     ],
     [
      132.538239,
      34.194867
     ],
     [
      132.538196,
      34.194869
     ],
     [
      132.538152,
      34.194871
     ],
     [
      132.538109,
      34.194874
     ],
     [
      132.538066,
      34.194877
     ],
     [
      132.538022,
      34.194878
     ],
     [
      132.537979,
      34.194881
     ],
     [
      132.537935,
      34.194883
     ],
     [
      132.537892,
      34.194886
     ],
     [
      132.537849,
      34.194888
     ],
     [
      132.537806,
      34.19489
     ],
     [
      132.537762,
      34.194893
     ],
     [
      132.537719,
      34.194896
     ],
     [
      132.537675,
      34.194897
     ],
     [
      132.537632,
      34.1949
     ],
     [
      132.537588,
      34.194903
     ],
     [
      132.537545,
      34.194905
     ],
     [
      132.537502,
      34.194907
     ],
     [
      132.537458,
      34.19491
     ],
     [
      132.537415,
      34.194912
     ],
     [
      132.537372,
      34.194914
     ],
     [
      132.537329,
      34.194917
     ],
     [
      132.537285,
      34.194919
     ],
     [
      132.537242,
      34.194922
     ],
     [
      132.537198,
      34.194924
     ],
     [
      132.537155,
      34.194926
     ],
     [
      132.537111,
      34.194929
     ],
     [
      132.537068,
      34.194932
     ],
     [
      132.537024,
      34.194933
     ],
     [
      132.536981,
      34.194936
     ],
     [
      132.536938,
      34.194939
     ],
     [
      132.536895,
      34.194941
     ],
     [
      132.536852,
      34.194943
     ],
     [
      132.536808,
      34.194946
     ],
     [
      132.536765,
      34.194948
     ],
     [
      132.536721,
      34.194951
     ],
     [
      132.536678,
      34.194953
     ],
     [
      132.536634,
      34.194957
     ],
     [
      132.536591,
      34.19496
     ],
     [
      132.536549,
      34.194965
     ],
     [
      132.536505,
      34.194971
     ],
     [
      132.536463,
      34.194978
     ],
     [
      132.536421,
      34.194989
     ],
     [
      132.536381,
      34.195003
     ],
     [
      132.536343,
      34.195021
     ],
     [
      132.536309,
      34.195043
     ],
     [
      132.536281,
      34.19507
     ],
     [
      132.536259,
      34.195102
     ],
     [
      132.536244,
      34.195135
     ],
     [
      132.536236,
      34.19517
     ],
     [
      132.536234,
      34.195206
     ],
     [
      132.536242,
      34.195243
     ],
     [
      132.536257,
      34.195276
     ],
     [
      132.536279,
      34.195307
     ],
     [
      132.536309,
      34.195333
     ],
     [
      132.536344,
      34.195353
     ],
     [
      132.536384,
      34.195368
     ],
     [
      132.536427,
      34.195376
     ],
     [
      132.53647,
      34.195377
     ],
     [
      132.536513,
      34.19537
     ],
     [
      132.536553,
      34.195357
     ],
     [
      132.53659,
      34.195337
     ],
     [
      132.53662,
      34.195312
     ],
     [
      132.536645,
      34.195282
     ],
     [
      132.536662,
      34.195249
     ],
     [
      132.53667,
      34.195214
     ],
     [
      132.536671,
      34.195178
     ],
     [
      132.536664,
      34.195142
     ],
     [
      132.536648,
      34.195108
     ],
     [
      132.536626,
      34.195079
     ],
     [
      132.536595,
      34.195053
     ],
     [
      132.536558,
      34.195033
     ],
     [
      132.536517,
      34.195021
     ],
     [
      132.536475,
      34.195015
     ],
     [
      132.536431,
      34.195017
     ],
     [
      132.536389,
      34.195025
     ],
     [
      132.53635,
      34.195042
     ],
     [
      132.536316,
      34.195063
     ],
     [
      132.536288,
      34.195091
     ],
     [
      132.536267,
      34.195123
     ],
     [
      132.536255,
      34.195157
     ],
     [
      132.536252,
      34.195193
     ],
     [
      132.536256,
      34.195229
     ],
     [
      132.536269,
      34.195263
     ],
     [
      132.536292,
      34.195294
     ],
     [
      132.536321,
      34.19532
     ],
     [
      132.536356,
      34.195342
     ],
     [
      132.536395,
      34.195357
     ],
     [
      132.536438,
      34.195367
     ],
     [
      132.53648,
      34.195373
     ],
     [
      132.536524,
      34.195375
     ],
     [
      132.536567,
      34.195375
     ],
     [
      132.53661,
      34.195373
     ],
     [
      132.536654,
      34.195369
     ],
     [
      132.536696,
      34.195362
     ],
     [
      132.536738,
      34.19535
     ],
     [
      132.536775,
      34.195332
     ],
     [
      132.536804,
      34.195305
     ],
     [
      132.536823,
      34.195273
     ],
     [
      132.536838,
      34.195239
     ],
     [
      132.536846,
      34.195204
     ],
     [
      132.536854,
      34.195169
     ],
     [
      132.536859,
      34.195133
     ],
     [
      132.536866,
      34.195097
     ],
     [
      132.536871,
      34.195061
     ],
     [
      132.536877,
      34.195025
     ],
     [
      132.536882,
      34.194989
     ],
     [
      132.536884,
      34.194953
     ],
     [
      132.536884,
      34.194917
     ],
     [
      132.536878,
      34.194882
     ],
     [
      132.536865,
      34.194848
     ],
     [
      132.536845,
      34.194815
     ],
     [
      132.53682,
      34.194786
     ],
     [
      132.536794,
      34.194757
     ],
     [
      132.536767,
      34.194729
     ],
     [
      132.53674,
      34.194701
     ],
     [
      132.536715,
      34.194671
     ],
     [
      132.536692,
      34.19464
     ],
     [
      132.536671,
      34.194609
     ],
     [
      132.536653,
      34.194576
     ],
     [
      132.536635,
      34.194543
     ],
     [
      132.536619,
      34.19451
     ],
     [
      132.536603,
      34.194476
     ],
     [
      132.536588,
      34.194442
     ],
     [
      132.536571,
      34.194409
     ],
     [
      132.536555,
      34.194375
     ],
     [
      132.536538,
      34.194343
     ],
     [
      132.536518,
      34.194311
     ],
     [
      132.536496,
      34.194279
     ],
     [
      132.536472,
      34.194249
     ],
     [
      132.536445,
      34.194221
     ],
     [
      132.536415,
      34.194195
     ],
     [
      132.536382,
      34.194171
     ],
     [
      132.536349,
      34.194149
     ],
     [
      132.536313,
      34.194129
     ],
     [
      132.536276,
      34.19411
     ],
     [
      132.536238,
      34.194092
     ],
     [
      132.5362,
      34.194074
     ],
     [
      132.536162,
      34.194056
     ],
     [
      132.536123,
      34.19404
     ],
     [
      132.536084,
      34.194023
     ],
     [
      132.536045,
      34.194007
     ],
     [
      132.536007,
      34.193991
     ],
     [
      132.535968,
      34.193974
     ],
     [
      132.53593,
      34.193957
     ],
     [
      132.535891,
      34.193941
     ],
     [
      132.535853,
      34.193924
     ],
     [
      132.535814,
      34.193908
     ],
     [
      132.535776,
      34.193891
     ],
     [
      132.535737,
      34.193874
     ],
     [
      132.535698,
      34.193858
     ],
     [
      132.53566,
      34.193842
     ],
     [
      132.53562,
      34.193825
     ],
     [
      132.535582,
      34.193809
     ],
     [
      132.535543,
      34.193792
     ],
     [
      132.535505,
      34.193775
     ],
     [
      132.535466,
      34.193759
     ],
     [
      132.535428,
      34.193743
     ],
     [
      132.535389,
      34.193726
     ],
     [
      132.535351,
      34.193709
     ],
     [
      132.535312,
      34.193693
     ],
     [
      132.535273,
      34.193676
     ],
     [
      132.535235,
      34.19366
     ],
     [
      132.535199,
      34.193645
     ],
     [
      132.535199,
      34.193645
     ]
    ]
   }
  },
  {
   "type": "Feature",
   "properties": {
    "name": "新設高架 1",
    "stroke": "#3a86ff",
    "stroke-width": 6
   },
   "geometry": {
    "type": "LineString",
    "coordinates": [
     [
      132.553077,
      34.247371
     ],
     [
      132.553063,
      34.247358
     ],
     [
      132.553049,
      34.247344
     ],
     [
      132.553035,
      34.247331
     ],
     [
      132.553021,
      34.247316
     ],
     [
      132.553007,
      34.247303
     ],
     [
      132.552994,
      34.247289
     ],
     [
      132.552979,
      34.247275
     ],
     [
      132.552965,
      34.247261
     ],
     [
      132.552951,
      34.247248
     ],
     [
      132.552937,
      34.247234
     ],
     [
      132.552923,
      34.24722
     ],
     [
      132.552909,
      34.247206
     ],
     [
      132.552895,
      34.247193
     ],
     [
      132.552882,
      34.247179
     ],
     [
      132.552867,
      34.247165
     ],
     [
      132.552853,
      34.247152
     ],
     [
      132.552839,
      34.247137
     ],
     [
      132.552825,
      34.247124
     ],
     [
      132.552811,
      34.24711
     ],
     [
      132.552797,
      34.247096
     ],
     [
      132.552783,
      34.247082
     ],
     [
      132.55277,
      34.247069
     ],
     [
      132.552756,
      34.247055
     ],
     [
      132.552741,
      34.247041
     ],
     [
      132.552727,
      34.247027
     ],
     [
      132.552713,
      34.247014
     ],
     [
      132.552699,
      34.246999
     ],
     [
      132.552685,
      34.246986
     ],
     [
      132.552671,
      34.246972
     ],
     [
      132.552657,
      34.246959
     ],
     [
      132.552643,
      34.246944
     ],
     [
      132.552628,
      34.246931
     ],
     [
      132.552614,
      34.246917
     ],
     [
      132.5526,
      34.246904
     ],
     [
      132.552586,
      34.24689
     ],
     [
      132.552572,
      34.246876
     ],
     [
      132.552559,
      34.246862
     ],
     [
      132.552545,
      34.246849
     ],
     [
      132.552531,
      34.246834
     ],
     [
      132.552516,
      34.246821
     ],
     [
      132.552502,
      34.246807
     ],
     [
      132.552488,
      34.246794
     ],
     [
      132.552474,
      34.246779
     ],
     [
      132.55246,
      34.246766
     ],
     [
      132.552446,
      34.246752
     ],
     [
      132.552433,
      34.246738
     ],
     [
      132.552419,
      34.246724
     ],
     [
      132.552405,
      34.246711
     ],
     [
      132.55239,
      34.246696
     ],
     [
      132.552376,
      34.246683
     ],
     [
      132.552363,
      34.246668
     ],
     [
      132.552349,
      34.246655
     ],
     [
      132.552335,
      34.24664
     ],
     [
      132.552322,
      34.246627
     ],
     [
      132.552308,
      34.246613
     ],
     [
      132.552294,
      34.246599
     ],
     [
      132.55228,
      34.246585
     ],
     [
      132.552265,
      34.246571
     ],
     [
      132.552252,
      34.246558
     ],
     [
      132.552238,
      34.246544
     ],
     [
      132.552224,
      34.24653
     ],
     [
      132.55221,
      34.246516
     ],
     [
      132.552196,
      34.246503
     ],
     [
      132.552182,
      34.246489
     ],
     [
      132.552168,
      34.246475
     ],
     [
      132.552155,
      34.246461
     ],
     [
      132.55214,
      34.246448
     ],
     [
      132.552126,
      34.246434
     ],
     [
      132.552112,
      34.24642
     ],
     [
      132.552098,
      34.246406
     ],
     [
      132.552083,
      34.246393
     ],
     [
      132.552069,
      34.246379
     ],
     [
      132.552055,
      34.246366
     ],
     [
      132.552041,
      34.246352
     ],
     [
      132.552026,
      34.246338
     ],
     [
      132.552012,
      34.246324
     ],
     [
      132.551998,
      34.246311
     ],
     [
      132.551984,
      34.246297
     ],
     [
      132.55197,
      34.246284
     ],
     [
      132.551956,
      34.24627
     ],
     [
      132.551942,
      34.246257
     ],
     [
      132.551927,
      34.246243
     ],
     [
      132.551913,
      34.246229
     ],
     [
      132.551898,
      34.246215
     ],
     [
      132.551884,
      34.246202
     ],
     [
      132.55187,
      34.246188
     ],
     [
      132.551856,
      34.246174
     ],
     [
      132.551842,
      34.246161
     ],
     [
      132.551829,
      34.246147
     ],
     [
      132.551814,
      34.246133
     ],
     [
      132.5518,
      34.24612
     ],
     [
      132.551786,
      34.246105
     ],
     [
      132.551772,
      34.246092
     ],
     [
      132.551758,
      34.246078
     ],
     [
      132.551744,
      34.246065
     ],
     [
      132.55173,
      34.24605
     ],
     [
      132.551716,
      34.246037
     ],
     [
      132.551703,
      34.246023
     ],
     [
      132.551688,
      34.246009
     ],
     [
      132.551674,
      34.245995
     ],
     [
      132.55166,
      34.245982
     ],
     [
      132.551646,
      34.245967
     ],
     [
      132.551632,
      34.245954
     ],
     [
      132.551618,
      34.24594
     ],
     [
      132.551604,
      34.245927
     ],
     [
      132.55159,
      34.245912
     ],
     [
      132.551575,
      34.245899
     ],
     [
      132.551561,
      34.245885
     ],
     [
      132.551548,
      34.245872
     ],
     [
      132.551534,
      34.245857
     ],
     [
      132.55152,
      34.245844
     ],
     [
      132.551506,
      34.24583
     ],
     [
      132.551492,
      34.245817
     ],
     [
      132.551478,
      34.245802
     ],
     [
      132.551463,
      34.245789
     ],
     [
      132.551449,
      34.245775
     ],
     [
      132.551435,
      34.245761
     ],
     [
      132.551422,
      34.245747
     ],
     [
      132.551408,
      34.245734
     ],
     [
      132.551394,
      34.245719
     ],
     [
      132.55138,
      34.245706
     ],
     [
      132.551366,
      34.245692
     ],
     [
      132.551352,
      34.245678
     ],
     [
      132.551339,
      34.245664
     ],
     [
      132.551324,
      34.245651
     ],
     [
      132.55131,
      34.245636
     ],
     [
      132.551296,
      34.245623
     ],
     [
      132.551282,
      34.245609
     ],
     [
      132.551268,
      34.245596
     ],
     [
      132.551254,
      34.245581
     ],
     [
      132.55124,
      34.245568
     ],
     [
      132.551225,
      34.245554
     ],
     [
      132.551211,
      34.245541
     ],
     [
      132.551197,
      34.245527
     ],
     [
      132.551183,
      34.245513
     ],
     [
      132.551169,
      34.245499
     ],
     [
      132.551155,
      34.245486
     ],
     [
      132.551142,
      34.245471
     ],
     [
      132.551128,
      34.245458
     ],
     [
      132.551114,
      34.245444
     ],
     [
      132.551101,
      34.24543
     ],
     [
      132.551086,
      34.245416
     ],
     [
      132.551073,
      34.245401
     ],
     [
      132.55106,
      34.245388
     ],
     [
      132.551046,
      34.245373
     ],
     [
      132.551033,
      34.245359
     ],
     [
      132.55102,
      34.245344
     ],
     [
      132.551006,
      34.24533
     ]
    ]
   }
  },
  {
   "type": "Feature",
   "properties": {
    "name": "新設高架 2",
    "stroke": "#3a86ff",
    "stroke-width": 6
   },
   "geometry": {
    "type": "LineString",
    "coordinates": [
     [
      132.54034,
      34.198358
     ],
     [
      132.540331,
      34.198342
     ],
     [
      132.540323,
      34.198325
     ],
     [
      132.540314,
      34.198309
     ],
     [
      132.540305,
      34.198292
     ],
     [
      132.540297,
      34.198275
     ],
     [
      132.540288,
      34.198259
     ],
     [
      132.540278,
      34.198243
     ],
     [
      132.540269,
      34.198227
     ],
     [
      132.540261,
      34.19821
     ],
     [
      132.540251,
      34.198193
     ],
     [
      132.540242,
      34.198177
     ],
     [
      132.540234,
      34.198161
     ],
     [
      132.540224,
      34.198145
     ],
     [
      132.540215,
      34.198129
     ],
     [
      132.540205,
      34.198111
     ],
     [
      132.540197,
      34.198095
     ],
     [
      132.540188,
      34.198079
     ],
     [
      132.540178,
      34.198063
     ],
     [
      132.540169,
      34.198047
     ],
     [
      132.54016,
      34.19803
     ],
     [
      132.540151,
      34.198014
     ],
     [
      132.540142,
      34.197997
     ],
     [
      132.540132,
      34.197981
     ],
     [
      132.540124,
      34.197964
     ],
     [
      132.540114,
      34.197948
     ],
     [
      132.540105,
      34.197932
     ],
     [
      132.540097,
      34.197916
     ],
     [
      132.540087,
      34.197899
     ],
     [
      132.540078,
      34.197882
     ],
     [
      132.540069,
      34.197866
     ],
     [
      132.54006,
      34.19785
     ],
     [
      132.540051,
      34.197834
     ],
     [
      132.540041,
      34.197818
     ],
     [
      132.540032,
      34.1978
     ],
     [
      132.540024,
      34.197784
     ],
     [
      132.540014,
      34.197768
     ],
     [
      132.540005,
      34.197752
     ],
     [
      132.539997,
      34.197736
     ],
     [
      132.539988,
      34.197718
     ],
     [
      132.539978,
      34.197702
     ],
     [
      132.539969,
      34.197686
     ],
     [
      132.539961,
      34.19767
     ],
     [
      132.539952,
      34.197653
     ],
     [
      132.539943,
      34.197636
     ],
     [
      132.539935,
      34.19762
     ],
     [
      132.539926,
      34.197604
     ],
     [
      132.539917,
      34.197587
     ],
     [
      132.539909,
      34.197571
     ],
     [
      132.5399,
      34.197554
     ],
     [
      132.539891,
      34.197537
     ],
     [
      132.539883,
      34.197521
     ],
     [
      132.539874,
      34.197505
     ],
     [
      132.539865,
      34.197488
     ],
     [
      132.539856,
      34.197471
     ],
     [
      132.539848,
      34.197454
     ],
     [
      132.539839,
      34.197438
     ],
     [
      132.53983,
      34.197422
     ],
     [
      132.539822,
      34.197405
     ],
     [
      132.539813,
      34.197389
     ],
     [
      132.539804,
      34.197372
     ],
     [
      132.539796,
      34.197355
     ],
     [
      132.539787,
      34.197339
     ],
     [
      132.539778,
      34.197323
     ],
     [
      132.539769,
      34.197306
     ],
     [
      132.539761,
      34.197289
     ],
     [
      132.539752,
      34.197273
     ],
     [
      132.539743,
      34.197257
     ],
     [
      132.539734,
      34.197241
     ],
     [
      132.539725,
      34.197224
     ],
     [
      132.539715,
      34.197207
     ],
     [
      132.539705,
      34.197191
     ],
     [
      132.539696,
      34.197175
     ],
     [
      132.539686,
      34.19716
     ],
     [
      132.539676,
      34.197143
     ],
     [
      132.539666,
      34.197127
     ],
     [
      132.539655,
      34.197112
     ],
     [
      132.539645,
      34.197096
     ],
     [
      132.539634,
      34.19708
     ],
     [
      132.539623,
      34.197065
     ],
     [
      132.539612,
      34.197049
     ],
     [
      132.539601,
      34.197033
     ],
     [
      132.539589,
      34.197018
     ],
     [
      132.539577,
      34.197003
     ],
     [
      132.539566,
      34.196988
     ],
     [
      132.539554,
      34.196973
     ],
     [
      132.539542,
      34.196958
     ],
     [
      132.53953,
      34.196943
     ],
     [
      132.539517,
      34.196928
     ],
     [
      132.539505,
      34.196913
     ],
     [
      132.539493,
      34.196898
     ],
     [
      132.539482,
      34.196883
     ],
     [
      132.539468,
      34.196868
     ],
     [
      132.539457,
      34.196853
     ],
     [
      132.539445,
      34.196839
     ],
     [
      132.539433,
      34.196823
     ],
     [
      132.539421,
      34.196808
     ],
     [
      132.53941,
      34.196793
     ],
     [
      132.539398,
      34.196777
     ],
     [
      132.539387,
      34.196762
     ],
     [
      132.539376,
      34.196746
     ],
     [
      132.539366,
      34.196731
     ],
     [
      132.539355,
      34.196714
     ],
     [
      132.539346,
      34.196698
     ],
     [
      132.539337,
      34.196682
     ],
     [
      132.539328,
      34.196666
     ],
     [
      132.53932,
      34.196649
     ],
     [
      132.539311,
      34.196632
     ],
     [
      132.539303,
      34.196615
     ],
     [
      132.539296,
      34.196599
     ],
     [
      132.539289,
      34.196582
     ],
     [
      132.539283,
      34.196564
     ],
     [
      132.539277,
      34.196547
     ],
     [
      132.539272,
      34.19653
     ],
     [
      132.539266,
      34.196512
     ],
     [
      132.539262,
      34.196494
     ],
     [
      132.539258,
      34.196476
     ],
     [
      132.539254,
      34.196459
     ],
     [
      132.53925,
      34.196441
     ],
     [
      132.539248,
      34.196423
     ],
     [
      132.539245,
      34.196405
     ],
     [
      132.539242,
      34.196387
     ],
     [
      132.53924,
      34.196369
     ],
     [
      132.539238,
      34.196351
     ],
     [
      132.539236,
      34.196334
     ],
     [
      132.539233,
      34.196316
     ],
     [
      132.53923,
      34.196298
     ],
     [
      132.539228,
      34.19628
     ],
     [
      132.539225,
      34.196262
     ],
     [
      132.539222,
      34.196244
     ],
     [
      132.539219,
      34.196227
     ],
     [
      132.539214,
      34.196209
     ],
     [
      132.53921,
      34.196192
     ],
     [
      132.539204,
      34.196174
     ],
     [
      132.539198,
      34.196156
     ],
     [
      132.539191,
      34.196139
     ],
     [
      132.539184,
      34.196122
     ],
     [
      132.539175,
      34.196106
     ],
     [
      132.539166,
      34.196089
     ],
     [
      132.539157,
      34.196074
     ],
     [
      132.539146,
      34.196057
     ],
     [
      132.539135,
      34.196042
     ],
     [
      132.539123,
      34.196027
     ],
     [
      132.53911,
      34.196012
     ],
     [
      132.539097,
      34.195998
     ],
     [
      132.539083,
      34.195984
     ],
     [
      132.539069,
      34.195971
     ],
     [
      132.539053,
      34.195957
     ],
     [
      132.539038,
      34.195945
     ],
     [
      132.539023,
      34.195932
     ],
     [
      132.539008,
      34.195919
     ],
     [
      132.538991,
      34.195908
     ],
     [
      132.538975,
      34.195896
     ],
     [
      132.538959,
      34.195884
     ],
     [
      132.538941,
      34.195873
     ],
     [
      132.538925,
      34.195861
     ],
     [
      132.538908,
      34.195849
     ],
     [
      132.538891,
      34.195838
     ],
     [
      132.538874,
      34.195827
     ],
     [
      132.538858,
      34.195816
     ],
     [
      132.53884,
      34.195804
     ],
     [
      132.538823,
      34.195793
     ],
     [
      132.538806,
      34.195782
     ],
     [
      132.538788,
      34.195772
     ],
     [
      132.538772,
      34.19576
     ],
     [
      132.538755,
      34.195749
     ],
     [
      132.538737,
      34.195738
     ],
     [
      132.53872,
      34.195727
     ],
     [
      132.538702,
      34.195717
     ],
     [
      132.538685,
      34.195705
     ],
     [
      132.538668,
      34.195694
     ],
     [
      132.538651,
      34.195683
     ],
     [
      132.538634,
      34.195672
     ],
     [
      132.538616,
      34.195662
     ],
     [
      132.538599,
      34.195651
     ],
     [
      132.538582,
      34.195639
     ],
     [
      132.538564,
      34.195628
     ],
     [
      132.538548,
      34.195617
     ],
     [
      132.538531,
      34.195606
     ],
     [
      132.538513,
      34.195595
     ],
     [
      132.538497,
      34.195583
     ],
     [
      132.538481,
      34.195572
     ],
     [
      132.538463,
      34.19556
     ],
     [
      132.538448,
      34.195548
     ],
     [
      132.538432,
      34.195535
     ],
     [
      132.538417,
      34.195523
     ],
     [
      132.538401,
      34.195509
     ],
     [
      132.538387,
      34.195496
     ],
     [
      132.538374,
      34.195481
     ],
     [
      132.538362,
      34.195466
     ],
     [
      132.538351,
      34.195451
     ],
     [
      132.538343,
      34.195435
     ],
     [
      132.538335,
      34.195417
     ],
     [
      132.538331,
      34.1954
     ],
     [
      132.538329,
      34.195382
     ],
     [
      132.53833,
      34.195364
     ],
     [
      132.538335,
      34.195346
     ],
     [
      132.538343,
      34.19533
     ],
     [
      132.538354,
      34.195315
     ],
     [
      132.538368,
      34.1953
     ],
     [
      132.538385,
      34.195289
     ],
     [
      132.538404,
      34.195279
     ],
     [
      132.538423,
      34.195271
     ],
     [
      132.538443,
      34.195266
     ],
     [
      132.538464,
      34.195261
     ],
     [
      132.538485,
      34.195258
     ],
     [
      132.538507,
      34.195256
     ],
     [
      132.538528,
      34.195255
     ],
     [
      132.53855,
      34.195255
     ],
     [
      132.538572,
      34.195256
     ],
     [
      132.538594,
      34.195257
     ],
     [
      132.538615,
      34.195259
     ],
     [
      132.538637,
      34.195261
     ],
     [
      132.538659,
      34.195262
     ],
     [
      132.538681,
      34.195264
     ],
     [
      132.538702,
      34.195265
     ],
     [
      132.538724,
      34.195266
     ],
     [
      132.538746,
      34.195266
     ],
     [
      132.538768,
      34.195265
     ],
     [
      132.538789,
      34.195262
     ],
     [
      132.53881,
      34.195259
     ],
     [
      132.538831,
      34.195252
     ],
     [
      132.53885,
      34.195244
     ],
     [
      132.538868,
      34.195234
     ],
     [
      132.538884,
      34.195222
     ],
     [
      132.538898,
      34.195208
     ],
     [
      132.538909,
      34.195193
     ],
     [
      132.538918,
      34.195176
     ],
     [
      132.538924,
      34.195159
     ],
     [
      132.538926,
      34.195141
     ],
     [
      132.538925,
      34.195123
     ],
     [
      132.538922,
      34.195106
     ],
     [
      132.538914,
      34.195088
     ],
     [
      132.538904,
      34.195072
     ],
     [
      132.538891,
      34.195058
     ],
     [
      132.538877,
      34.195044
     ],
     [
      132.53886,
      34.195033
     ],
     [
      132.538841,
      34.195024
     ],
     [
      132.538822,
      34.195016
     ],
     [
      132.538801,
      34.19501
     ],
     [
      132.538781,
      34.195005
     ],
     [
      132.538759,
      34.195003
     ],
     [
      132.538737,
      34.195001
     ],
     [
      132.538715,
      34.195
     ],
     [
      132.538694,
      34.195001
     ],
     [
      132.538672,
      34.195002
     ],
     [
      132.53865,
      34.195003
     ],
     [
      132.53863,
      34.195005
     ],
     [
      132.538608,
      34.195008
     ],
     [
      132.538586,
      34.195011
     ],
     [
      132.538564,
      34.195015
     ],
     [
      132.538544,
      34.195018
     ],
     [
      132.538523,
      34.195023
     ],
     [
      132.538501,
      34.195028
     ],
     [
      132.538481,
      34.195033
     ],
     [
      132.53846,
      34.19504
     ],
     [
      132.53844,
      34.195046
     ],
     [
      132.538421,
      34.195054
     ],
     [
      132.538401,
      34.195063
     ],
     [
      132.538384,
      34.195073
     ],
     [
      132.538367,
      34.195084
     ],
     [
      132.538351,
      34.195097
     ],
     [
      132.538337,
      34.195111
     ],
     [
      132.538326,
      34.195126
     ],
     [
      132.538318,
      34.195142
     ],
     [
      132.538311,
      34.19516
     ],
     [
      132.538307,
      34.195178
     ],
     [
      132.538306,
      34.195196
     ],
     [
      132.538307,
      34.195214
     ],
     [
      132.53831,
      34.195231
     ],
     [
      132.538315,
      34.195249
     ],
     [
      132.538323,
      34.195266
     ],
     [
      132.538332,
      34.195282
     ],
     [
      132.538343,
      34.195298
     ],
     [
      132.538356,
      34.195312
     ],
     [
      132.53837,
      34.195326
     ],
     [
      132.538385,
      34.195339
     ],
     [
      132.538401,
      34.19535
     ],
     [
      132.538419,
      34.195361
     ],
     [
      132.538438,
      34.19537
     ],
     [
      132.538457,
      34.195378
     ],
     [
      132.538477,
      34.195386
     ],
     [
      132.538497,
      34.195392
     ],
     [
      132.538518,
      34.195398
     ],
     [
      132.538539,
      34.195402
     ],
     [
      132.53856,
      34.195407
     ],
     [
      132.538582,
      34.19541
     ],
     [
      132.538602,
      34.195414
     ],
     [
      132.538624,
      34.195416
     ],
     [
      132.538646,
      34.195418
     ],
     [
      132.538668,
      34.19542
     ],
     [
      132.538689,
      34.195422
     ],
     [
      132.538711,
      34.195423
     ],
     [
      132.538733,
      34.195424
     ],
     [
      132.538755,
      34.195424
     ],
     [
      132.538776,
      34.195423
     ],
     [
      132.538798,
      34.195422
     ],
     [
      132.538819,
      34.195419
     ],
     [
      132.53884,
      34.195416
     ],
     [
      132.538862,
      34.195413
     ],
     [
      132.538883,
      34.195408
     ],
     [
      132.538903,
      34.195402
     ],
     [
      132.538923,
      34.195396
     ],
     [
      132.538943,
      34.195388
     ],
     [
      132.538962,
      34.195379
     ],
     [
      132.538979,
      34.195369
     ],
     [
      132.538997,
      34.195357
     ],
     [
      132.539013,
      34.195345
     ],
     [
      132.539029,
      34.195333
     ],
     [
      132.539044,
      34.195319
     ],
     [
      132.539057,
      34.195306
     ],
     [
      132.53907,
      34.19529
     ],
     [
      132.539081,
      34.195275
     ],
     [
      132.53909,
      34.19526
     ],
     [
      132.5391,
      34.195243
     ],
     [
      132.539108,
      34.195226
     ],
     [
      132.539114,
      34.195209
     ],
     [
      132.53912,
      34.195191
     ],
     [
      132.539123,
      34.195174
     ],
     [
      132.539126,
      34.195156
     ],
     [
      132.539127,
      34.195138
     ],
     [
      132.539127,
      34.19512
     ],
     [
      132.539125,
      34.195102
     ],
     [
      132.539123,
      34.195084
     ],
     [
      132.539119,
      34.195066
     ],
     [
      132.539112,
      34.195049
     ],
     [
      132.539106,
      34.195032
     ],
     [
      132.539097,
      34.195015
     ],
     [
      132.539087,
      34.194999
     ],
     [
      132.539076,
      34.194984
     ],
     [
      132.539063,
      34.194969
     ],
     [
      132.53905,
      34.194955
     ],
     [
      132.539035,
      34.194942
     ],
     [
      132.53902,
      34.194929
     ],
     [
      132.539002,
      34.194918
     ],
     [
      132.538985,
      34.194907
     ],
     [
      132.538968,
      34.194897
     ],
     [
      132.538948,
      34.194888
     ],
     [
      132.538928,
      34.19488
     ],
     [
      132.538909,
      34.194874
     ],
     [
      132.538888,
      34.194868
     ],
     [
      132.538868,
      34.194862
     ],
     [
      132.538846,
      34.194859
     ],
     [
      132.538825,
      34.194855
     ],
     [
      132.538803,
      34.194852
     ],
     [
      132.538782,
      34.19485
     ],
     [
      132.53876,
      34.194848
     ],
     [
      132.538738,
      34.194847
     ],
     [
      132.538716,
      34.194846
     ],
     [
      132.538695,
      34.194846
     ],
     [
      132.538673,
      34.194846
     ],
     [
      132.538651,
      34.194846
     ],
     [
      132.53863,
      34.194847
     ],
     [
      132.538608,
      34.194848
     ],
     [
      132.538586,
      34.194849
     ],
     [
      132.538564,
      34.19485
     ],
     [
      132.538543,
      34.19485
     ],
     [
      132.538521,
      34.194851
     ],
     [
      132.538499,
      34.194852
     ],
     [
      132.538477,
      34.194853
     ],
     [
      132.538456,
      34.194855
     ],
     [
      132.538434,
      34.194856
     ],
     [
      132.538412,
      34.194857
     ],
     [
      132.53839,
      34.194859
     ],
     [
      132.53837,
      34.194859
     ],
     [
      132.538348,
      34.19486
     ],
     [
      132.538326,
      34.194862
     ],
     [
      132.538305,
      34.194863
     ],
     [
      132.538283,
      34.194864
     ],
     [
      132.538261,
      34.194866
     ],
     [
      132.538239,
      34.194867
     ],
     [
      132.538218,
      34.194868
     ],
     [
      132.538196,
      34.194869
     ],
     [
      132.538174,
      34.19487
     ],
     [
      132.538152,
      34.194871
     ],
     [
      132.538131,
      34.194873
     ],
     [
      132.538109,
      34.194874
     ],
     [
      132.538087,
      34.194875
     ],
     [
      132.538066,
      34.194877
     ],
     [
      132.538044,
      34.194878
     ],
     [
      132.538022,
      34.194878
     ],
     [
      132.538,
      34.19488
     ],
     [
      132.537979,
      34.194881
     ],
     [
      132.537957,
      34.194882
     ],
     [
      132.537935,
      34.194883
     ],
     [
      132.537913,
      34.194885
     ],
     [
      132.537892,
      34.194886
     ],
     [
      132.537871,
      34.194887
     ],
     [
      132.537849,
      34.194888
     ],
     [
      132.537828,
      34.194889
     ],
     [
      132.537806,
      34.19489
     ],
     [
      132.537784,
      34.194892
     ],
     [
      132.537762,
      34.194893
     ],
     [
      132.537741,
      34.194894
     ],
     [
      132.537719,
      34.194896
     ],
     [
      132.537697,
      34.194896
     ],
     [
      132.537675,
      34.194897
     ],
     [
      132.537654,
      34.194899
     ],
     [
      132.537632,
      34.1949
     ],
     [
      132.53761,
      34.194901
     ],
     [
      132.537588,
      34.194903
     ],
     [
      132.537567,
      34.194904
     ],
     [
      132.537545,
      34.194905
     ],
     [
      132.537523,
      34.194906
     ],
     [
      132.537502,
      34.194907
     ],
     [
      132.53748,
      34.194908
     ],
     [
      132.537458,
      34.19491
     ],
     [
      132.537436,
      34.194911
     ],
     [
      132.537415,
      34.194912
     ],
     [
      132.537394,
      34.194914
     ],
     [
      132.537372,
      34.194914
     ],
     [
      132.53735,
      34.194915
     ],
     [
      132.537329,
      34.194917
     ],
     [
      132.537307,
      34.194918
     ],
     [
      132.537285,
      34.194919
     ],
     [
      132.537264,
      34.194921
     ],
     [
      132.537242,
      34.194922
     ],
     [
      132.53722,
      34.194923
     ],
     [
      132.537198,
      34.194924
     ],
     [
      132.537177,
      34.194925
     ],
     [
      132.537155,
      34.194926
     ],
     [
      132.537133,
      34.194928
     ],
     [
      132.537111,
      34.194929
     ],
     [
      132.53709,
      34.19493
     ],
     [
      132.537068,
      34.194932
     ],
     [
      132.537046,
      34.194932
     ],
     [
      132.537024,
      34.194933
     ],
     [
      132.537003,
      34.194935
     ],
     [
      132.536981,
      34.194936
     ],
     [
      132.536959,
      34.194937
     ],
     [
      132.536938,
      34.194939
     ],
     [
      132.536916,
      34.19494
     ],
     [
      132.536895,
      34.194941
     ],
     [
      132.536873,
      34.194942
     ],
     [
      132.536852,
      34.194943
     ],
     [
      132.53683,
      34.194944
     ],
     [
      132.536808,
      34.194946
     ],
     [
      132.536786,
      34.194947
     ],
     [
      132.536765,
      34.194948
     ],
     [
      132.536743,
      34.19495
     ],
     [
      132.536721,
      34.194951
     ],
     [
      132.5367,
      34.194952
     ],
     [
      132.536678,
      34.194953
     ],
     [
      132.536656,
      34.194955
     ],
     [
      132.536634,
      34.194957
     ],
     [
      132.536613,
      34.194959
     ],
     [
      132.536591,
      34.19496
     ],
     [
      132.53657,
      34.194962
     ],
     [
      132.536549,
      34.194965
     ],
     [
      132.536527,
      34.194968
     ],
     [
      132.536505,
      34.194971
     ],
     [
      132.536484,
      34.194975
     ],
     [
      132.536463,
      34.194978
     ],
     [
      132.536442,
      34.194983
     ],
     [
      132.536421,
      34.194989
     ],
     [
      132.536401,
      34.194996
     ],
     [
      132.536381,
      34.195003
     ],
     [
      132.536362,
      34.195011
     ],
     [
      132.536343,
      34.195021
     ],
     [
      132.536326,
      34.195032
     ],
     [
      132.536309,
      34.195043
     ],
     [
      132.536295,
      34.195057
     ],
     [
      132.536281,
      34.19507
     ],
     [
      132.536269,
      34.195086
     ],
     [
      132.536259,
      34.195102
     ],
     [
      132.536251,
      34.195118
     ],
     [
      132.536244,
      34.195135
     ],
     [
      132.536239,
      34.195153
     ],
     [
      132.536236,
      34.19517
     ],
     [
      132.536234,
      34.195188
     ],
     [
      132.536234,
      34.195206
     ],
     [
      132.536238,
      34.195225
     ],
     [
      132.536242,
      34.195243
     ],
     [
      132.536249,
      34.19526
     ],
     [
      132.536257,
      34.195276
     ],
     [
      132.536267,
      34.195292
     ],
     [
      132.536279,
      34.195307
     ],
     [
      132.536293,
      34.19532
     ],
     [
      132.536309,
      34.195333
     ],
     [
      132.536326,
      34.195344
     ],
     [
      132.536344,
      34.195353
     ],
     [
      132.536364,
      34.195362
     ],
     [
      132.536384,
      34.195368
     ],
     [
      132.536405,
      34.195372
     ],
     [
      132.536427,
      34.195376
     ],
     [
      132.536449,
      34.195377
     ],
     [
      132.53647,
      34.195377
     ],
     [
      132.536492,
      34.195374
     ],
     [
      132.536513,
      34.19537
     ],
     [
      132.536533,
      34.195364
     ],
     [
      132.536553,
      34.195357
     ],
     [
      132.536572,
      34.195348
     ],
     [
      132.53659,
      34.195337
     ],
     [
      132.536606,
      34.195325
     ],
     [
      132.53662,
      34.195312
     ],
     [
      132.536633,
      34.195298
     ],
     [
      132.536645,
      34.195282
     ],
     [
      132.536654,
      34.195266
     ],
     [
      132.536662,
      34.195249
     ],
     [
      132.536667,
      34.195232
     ],
     [
      132.53667,
      34.195214
     ],
     [
      132.536672,
      34.195196
     ],
     [
      132.536671,
      34.195178
     ],
     [
      132.536669,
      34.19516
     ],
     [
      132.536664,
      34.195142
     ],
     [
      132.536657,
      34.195125
     ],
     [
      132.536648,
      34.195108
     ],
     [
      132.536638,
      34.195093
     ],
     [
      132.536626,
      34.195079
     ],
     [
      132.53661,
      34.195065
     ],
     [
      132.536595,
      34.195053
     ],
     [
      132.536577,
      34.195042
     ],
     [
      132.536558,
      34.195033
     ],
     [
      132.536539,
      34.195026
     ],
     [
      132.536517,
      34.195021
     ],
     [
      132.536496,
      34.195017
     ],
     [
      132.536475,
      34.195015
     ],
     [
      132.536453,
      34.195015
     ],
     [
      132.536431,
      34.195017
     ],
     [
      132.53641,
      34.195021
     ],
     [
      132.536389,
      34.195025
     ],
     [
      132.536369,
      34.195033
     ],
     [
      132.53635,
      34.195042
     ],
     [
      132.536332,
      34.195051
     ],
     [
      132.536316,
      34.195063
     ],
     [
      132.536301,
      34.195077
     ],
     [
      132.536288,
      34.195091
     ],
     [
      132.536277,
      34.195106
     ],
     [
      132.536267,
      34.195123
     ],
     [
      132.536261,
      34.19514
     ],
     [
      132.536255,
      34.195157
     ],
     [
      132.536252,
      34.195175
     ],
     [
      132.536252,
      34.195193
     ],
     [
      132.536253,
      34.195211
     ],
     [
      132.536256,
      34.195229
     ],
     [
      132.536262,
      34.195246
     ],
     [
      132.536269,
      34.195263
     ],
     [
      132.53628,
      34.195279
     ],
     [
      132.536292,
      34.195294
     ],
     [
      132.536305,
      34.195307
     ],
     [
      132.536321,
      34.19532
     ],
     [
      132.536338,
      34.195332
     ],
     [
      132.536356,
      34.195342
     ],
     [
      132.536376,
      34.19535
     ],
     [
      132.536395,
      34.195357
     ],
     [
      132.536416,
      34.195362
     ],
     [
      132.536438,
      34.195367
     ],
     [
      132.536458,
      34.195371
     ],
     [
      132.53648,
      34.195373
     ],
     [
      132.536502,
      34.195374
     ],
     [
      132.536524,
      34.195375
     ],
     [
      132.536545,
      34.195376
     ],
     [
      132.536567,
      34.195375
     ],
     [
      132.536589,
      34.195374
     ],
     [
      132.53661,
      34.195373
     ],
     [
      132.536632,
      34.195371
     ],
     [
      132.536654,
      34.195369
     ],
     [
      132.536675,
      34.195366
     ],
     [
      132.536696,
      34.195362
     ],
     [
      132.536717,
      34.195357
     ],
     [
      132.536738,
      34.19535
     ],
     [
      132.536756,
      34.195342
     ],
     [
      132.536775,
      34.195332
     ],
     [
      132.53679,
      34.195319
     ],
     [
      132.536804,
      34.195305
     ],
     [
      132.536815,
      34.195289
     ],
     [
      132.536823,
      34.195273
     ],
     [
      132.536831,
      34.195256
     ],
     [
      132.536838,
      34.195239
     ],
     [
      132.536842,
      34.195222
     ],
     [
      132.536846,
      34.195204
     ],
     [
      132.536851,
      34.195186
     ],
     [
      132.536854,
      34.195169
     ],
     [
      132.536857,
      34.195151
     ],
     [
      132.536859,
      34.195133
     ],
     [
      132.536863,
      34.195115
     ],
     [
      132.536866,
      34.195097
     ],
     [
      132.536868,
      34.195079
     ],
     [
      132.536871,
      34.195061
     ],
     [
      132.536875,
      34.195043
     ],
     [
      132.536877,
      34.195025
     ],
     [
      132.53688,
      34.195007
     ],
     [
      132.536882,
      34.194989
     ],
     [
      132.536883,
      34.194971
     ],
     [
      132.536884,
      34.194953
     ],
     [
      132.536884,
      34.194935
     ],
     [
      132.536884,
      34.194917
     ],
     [
      132.536881,
      34.194899
     ],
     [
      132.536878,
      34.194882
     ],
     [
      132.536871,
      34.194865
     ],
     [
      132.536865,
      34.194848
     ],
     [
      132.536855,
      34.194832
     ],
     [
      132.536845,
      34.194815
     ],
     [
      132.536833,
      34.1948
     ],
     [
      132.53682,
      34.194786
     ],
     [
      132.536807,
      34.194771
     ],
     [
      132.536794,
      34.194757
     ],
     [
      132.53678,
      34.194743
     ],
     [
      132.536767,
      34.194729
     ],
     [
      132.536753,
      34.194714
     ],
     [
      132.53674,
      34.194701
     ],
     [
      132.536727,
      34.194686
     ],
     [
      132.536715,
      34.194671
     ],
     [
      132.536703,
      34.194656
     ],
     [
      132.536692,
      34.19464
     ],
     [
      132.536681,
      34.194624
     ],
     [
      132.536671,
      34.194609
     ],
     [
      132.536662,
      34.194593
     ],
     [
      132.536653,
      34.194576
     ],
     [
      132.536644,
      34.194559
     ],
     [
      132.536635,
      34.194543
     ],
     [
      132.536627,
      34.194526
     ],
     [
      132.536619,
      34.19451
     ],
     [
      132.536612,
      34.194493
     ],
     [
      132.536603,
      34.194476
     ],
     [
      132.536595,
      34.194459
     ],
     [
      132.536588,
      34.194442
     ],
     [
      132.53658,
      34.194426
     ],
     [
      132.536571,
      34.194409
     ],
     [
      132.536564,
      34.194392
     ],
     [
      132.536555,
      34.194375
     ],
     [
      132.536546,
      34.194359
     ],
     [
      132.536538,
      34.194343
     ],
     [
      132.536528,
      34.194327
     ],
     [
      132.536518,
      34.194311
     ],
     [
      132.536507,
      34.194294
     ],
     [
      132.536496,
      34.194279
     ],
     [
      132.536484,
      34.194264
     ],
     [
      132.536472,
      34.194249
     ],
     [
      132.536459,
      34.194235
     ],
     [
      132.536445,
      34.194221
     ],
     [
      132.53643,
      34.194208
     ]
    ]
   }
  },
  {
   "type": "Feature",
   "properties": {
    "name": "スタート / ゴール",
    "marker-color": "#ffd83d"
   },
   "geometry": {
    "type": "Point",
    "coordinates": [
     132.557476,
     34.245434
    ]
   }
  },
  {
   "type": "Feature",
   "properties": {
    "name": "呉駅",
    "marker-color": "#1d3557"
   },
   "geometry": {
    "type": "Point",
    "coordinates": [
     132.557729,
     34.245467
    ]
   }
  },
  {
   "type": "Feature",
   "properties": {
    "name": "国道31号",
    "marker-color": "#1d3557"
   },
   "geometry": {
    "type": "Point",
    "coordinates": [
     132.553401,
     34.247688
    ]
   }
  },
  {
   "type": "Feature",
   "properties": {
    "name": "てつのくじら館",
    "marker-color": "#1d3557"
   },
   "geometry": {
    "type": "Point",
    "coordinates": [
     132.554899,
     34.241768
    ]
   }
  },
  {
   "type": "Feature",
   "properties": {
    "name": "大和ミュージアム",
    "marker-color": "#1d3557"
   },
   "geometry": {
    "type": "Point",
    "coordinates": [
     132.556002,
     34.241722
    ]
   }
  },
  {
   "type": "Feature",
   "properties": {
    "name": "呉市役所",
    "marker-color": "#1d3557"
   },
   "geometry": {
    "type": "Point",
    "coordinates": [
     132.565596,
     34.248245
    ]
   }
  },
  {
   "type": "Feature",
   "properties": {
    "name": "蔵本通り",
    "marker-color": "#1d3557"
   },
   "geometry": {
    "type": "Point",
    "coordinates": [
     132.564469,
     34.247666
    ]
   }
  },
  {
   "type": "Feature",
   "properties": {
    "name": "呉本通り",
    "marker-color": "#1d3557"
   },
   "geometry": {
    "type": "Point",
    "coordinates": [
     132.568098,
     34.246509
    ]
   }
  },
  {
   "type": "Feature",
   "properties": {
    "name": "めがね橋",
    "marker-color": "#1d3557"
   },
   "geometry": {
    "type": "Point",
    "coordinates": [
     132.563123,
     34.241511
    ]
   }
  },
  {
   "type": "Feature",
   "properties": {
    "name": "入船山記念館",
    "marker-color": "#1d3557"
   },
   "geometry": {
    "type": "Point",
    "coordinates": [
     132.562833,
     34.241132
    ]
   }
  },
  {
   "type": "Feature",
   "properties": {
    "name": "宮原",
    "marker-color": "#1d3557"
   },
   "geometry": {
    "type": "Point",
    "coordinates": [
     132.560763,
     34.232864
    ]
   }
  },
  {
   "type": "Feature",
   "properties": {
    "name": "アレイからすこじま",
    "marker-color": "#1d3557"
   },
   "geometry": {
    "type": "Point",
    "coordinates": [
     132.548864,
     34.225191
    ]
   }
  },
  {
   "type": "Feature",
   "properties": {
    "name": "警固屋",
    "marker-color": "#1d3557"
   },
   "geometry": {
    "type": "Point",
    "coordinates": [
     132.544655,
     34.212904
    ]
   }
  },
  {
   "type": "Feature",
   "properties": {
    "name": "音戸大橋",
    "marker-color": "#1d3557"
   },
   "geometry": {
    "type": "Point",
    "coordinates": [
     132.537394,
     34.194914
    ]
   }
  },
  {
   "type": "Feature",
   "properties": {
    "name": "音戸 (ゴール)",
    "marker-color": "#1d3557"
   },
   "geometry": {
    "type": "Point",
    "coordinates": [
     132.535199,
     34.193645
    ]
   }
  }
 ]
}