<?xml version="1.0" encoding="UTF-8"?>
<gpx version="1.1" creator="Kure Kart" xmlns="http://www.topografix.com/GPX/1/1">
  <metadata><name>呉グランプリ コース</name><desc>呉駅 → 音戸大橋 12155m</desc></metadata>
  <wpt lat="34.245965" lon="132.558498"><name>呉駅</name></wpt>
  <wpt lat="34.247695" lon="132.553405"><name>国道31号</name></wpt>
  <wpt lat="34.241767" lon="132.554893"><name>てつのくじら館</name></wpt>
  <wpt lat="34.241718" lon="132.556017"><name>大和ミュージアム</name></wpt>
  <wpt lat="34.248254" lon="132.565611"><name>呉市役所</name></wpt>
  <wpt lat="34.247665" lon="132.564466"><name>蔵本通り</name></wpt>
  <wpt lat="34.246512" lon="132.568099"><name>呉本通り</name></wpt>
  <wpt lat="34.24151" lon="132.56313"><name>めがね橋</name></wpt>
  <wpt lat="34.241134" lon="132.562835"><name>入船山記念館</name></wpt>
  <wpt lat="34.232866" lon="132.560765"><name>宮原</name></wpt>
  <wpt lat="34.225194" lon="132.548875"><name>アレイからすこじま</name></wpt>
  <wpt lat="34.212903" lon="132.544655"><name>警固屋</name></wpt>
  <wpt lat="34.194914" lon="132.537391"><name>音戸大橋</name></wpt>
  <wpt lat="34.193654" lon="132.535199"><name>音戸 (ゴール)</name></wpt>
  <trk><name>呉グランプリ コース</name><trkseg>
    <trkpt lat="34.245965" lon="132.558498"/>
    <trkpt lat="34.24599" lon="132.558466"/>
    <trkpt lat="34.246015" lon="132.558434"/>
    <trkpt lat="34.246038" lon="132.558402"/>
    <trkpt lat="34.246063" lon="132.558369"/>
    <trkpt lat="34.246087" lon="132.558337"/>
    <trkpt lat="34.246111" lon="132.558304"/>
    <trkpt lat="34.246134" lon="132.558272"/>
    <trkpt lat="34.246157" lon="132.558238"/>
    <trkpt lat="34.246181" lon="132.558205"/>
    <trkpt lat="34.246203" lon="132.558172"/>
    <trkpt lat="34.246227" lon="132.558138"/>
    <trkpt lat="34.246249" lon="132.558104"/>
    <trkpt lat="34.246272" lon="132.558071"/>
    <trkpt lat="34.246294" lon="132.558037"/>
    <trkpt lat="34.246317" lon="132.558002"/>
    <trkpt lat="34.246339" lon="132.557968"/>
    <trkpt lat="34.246362" lon="132.557935"/>
    <trkpt lat="34.246384" lon="132.557901"/>
    <trkpt lat="34.246407" lon="132.557867"/>
    <trkpt lat="34.24643" lon="132.557833"/>
    <trkpt lat="34.246452" lon="132.557799"/>
    <trkpt lat="34.246475" lon="132.557765"/>
    <trkpt lat="34.246498" lon="132.557732"/>
    <trkpt lat="34.246521" lon="132.557698"/>
    <trkpt lat="34.246543" lon="132.557664"/>
    <trkpt lat="34.246566" lon="132.55763"/>
    <trkpt lat="34.246589" lon="132.557597"/>
    <trkpt lat="34.246612" lon="132.557563"/>
    <trkpt lat="34.246635" lon="132.557529"/>
    <trkpt lat="34.246658" lon="132.557496"/>
    <trkpt lat="34.246681" lon="132.557463"/>
    <trkpt lat="34.246704" lon="132.557429"/>
    <trkpt lat="34.246727" lon="132.557396"/>
    <trkpt lat="34.24675" lon="132.557362"/>
    <trkpt lat="34.246773" lon="132.557328"/>
    <trkpt lat="34.246795" lon="132.557296"/>
    <trkpt lat="34.246819" lon="132.557262"/>
    <trkpt lat="34.246841" lon="132.557228"/>
    <trkpt lat="34.246865" lon="132.557195"/>
    <trkpt lat="34.246887" lon="132.557161"/>
    <trkpt lat="34.246911" lon="132.557127"/>
    <trkpt lat="34.246933" lon="132.557095"/>
    <trkpt lat="34.246957" lon="132.557061"/>
    <trkpt lat="34.246979" lon="132.557027"/>
    <trkpt lat="34.247002" lon="132.556994"/>
    <trkpt lat="34.247025" lon="132.55696"/>
    <trkpt lat="34.247048" lon="132.556926"/>
    <trkpt lat="34.24707" lon="132.556893"/>
    <trkpt lat="34.247094" lon="132.556859"/>
    <trkpt lat="34.247116" lon="132.556825"/>
    <trkpt lat="34.247139" lon="132.556792"/>
    <trkpt lat="34.247162" lon="132.556758"/>
    <trkpt lat="34.247185" lon="132.556724"/>
    <trkpt lat="34.247208" lon="132.556692"/>
    <trkpt lat="34.247231" lon="132.556658"/>
    <trkpt lat="34.247253" lon="132.556624"/>
    <trkpt lat="34.247277" lon="132.556591"/>
    <trkpt lat="34.247299" lon="132.556557"/>
    <trkpt lat="34.247323" lon="132.556523"/>
    <trkpt lat="34.247345" lon="132.556489"/>
    <trkpt lat="34.247368" lon="132.556456"/>
    <trkpt lat="34.247389" lon="132.556421"/>
    <trkpt lat="34.247412" lon="132.556387"/>
    <trkpt lat="34.247434" lon="132.556351"/>
    <trkpt lat="34.247454" lon="132.556317"/>
    <trkpt lat="34.247475" lon="132.556281"/>
    <trkpt lat="34.247495" lon="132.556245"/>
    <trkpt lat="34.247515" lon="132.556209"/>
    <trkpt lat="34.247535" lon="132.556173"/>
    <trkpt lat="34.247556" lon="132.556137"/>
    <trkpt lat="34.247577" lon="132.556102"/>
    <trkpt lat="34.247599" lon="132.556067"/>
    <trkpt lat="34.24762" lon="132.556032"/>
    <trkpt lat="34.247643" lon="132.555998"/>
    <trkpt lat="34.247665" lon="132.555965"/>
    <trkpt lat="34.247689" lon="132.555931"/>
    <trkpt lat="34.247712" lon="132.555898"/>
    <trkpt lat="34.247736" lon="132.555865"/>
    <trkpt lat="34.247759" lon="132.555832"/>
    <trkpt lat="34.247782" lon="132.555798"/>
    <trkpt lat="34.247806" lon="132.555766"/>
    <trkpt lat="34.247828" lon="132.555732"/>
    <trkpt lat="34.247852" lon="132.555699"/>
    <trkpt lat="34.247875" lon="132.555666"/>
    <trkpt lat="34.247898" lon="132.555632"/>
    <trkpt lat="34.247921" lon="132.555598"/>
    <trkpt lat="34.247944" lon="132.555565"/>
    <trkpt lat="34.247966" lon="132.555531"/>
    <trkpt lat="34.247989" lon="132.555497"/>
    <trkpt lat="34.248011" lon="132.555464"/>
    <trkpt lat="34.248034" lon="132.55543"/>
    <trkpt lat="34.248056" lon="132.555395"/>
    <trkpt lat="34.248079" lon="132.555363"/>
    <trkpt lat="34.248102" lon="132.555329"/>
    <trkpt lat="34.248125" lon="132.555295"/>
    <trkpt lat="34.248148" lon="132.555261"/>
    <trkpt lat="34.248172" lon="132.555229"/>
    <trkpt lat="34.248195" lon="132.555195"/>
    <trkpt lat="34.248219" lon="132.555163"/>
    <trkpt lat="34.248242" lon="132.55513"/>
    <trkpt lat="34.248266" lon="132.555096"/>
    <trkpt lat="34.248289" lon="132.555064"/>
    <trkpt lat="34.248312" lon="132.555031"/>
    <trkpt lat="34.248336" lon="132.554997"/>
    <trkpt lat="34.248359" lon="132.554965"/>
    <trkpt lat="34.248383" lon="132.554931"/>
    <trkpt lat="34.248406" lon="132.554899"/>
    <trkpt lat="34.24843" lon="132.554865"/>
    <trkpt lat="34.248452" lon="132.554831"/>
    <trkpt lat="34.248476" lon="132.554797"/>
    <trkpt lat="34.248498" lon="132.554764"/>
    <trkpt lat="34.24852" lon="132.554729"/>
    <trkpt lat="34.24854" lon="132.554694"/>
    <trkpt lat="34.248559" lon="132.554657"/>
    <trkpt lat="34.248576" lon="132.554618"/>
    <trkpt lat="34.248588" lon="132.554578"/>
    <trkpt lat="34.248594" lon="132.554534"/>
    <trkpt lat="34.248592" lon="132.554491"/>
    <trkpt lat="34.248582" lon="132.55445"/>
    <trkpt lat="34.248567" lon="132.554411"/>
    <trkpt lat="34.248548" lon="132.554374"/>
    <trkpt lat="34.248525" lon="132.554339"/>
    <trkpt lat="34.248502" lon="132.554306"/>
    <trkpt lat="34.248476" lon="132.554275"/>
    <trkpt lat="34.248451" lon="132.554244"/>
    <trkpt lat="34.248425" lon="132.554214"/>
    <trkpt lat="34.248399" lon="132.554185"/>
    <trkpt lat="34.248373" lon="132.554154"/>
    <trkpt lat="34.248347" lon="132.554125"/>
    <trkpt lat="34.248321" lon="132.554095"/>
    <trkpt lat="34.248294" lon="132.554065"/>
    <trkpt lat="34.248268" lon="132.554035"/>
    <trkpt lat="34.248242" lon="132.554005"/>
    <trkpt lat="34.248216" lon="132.553975"/>
    <trkpt lat="34.24819" lon="132.553944"/>
    <trkpt lat="34.248165" lon="132.553914"/>
    <trkpt lat="34.248138" lon="132.553885"/>
    <trkpt lat="34.248111" lon="132.553855"/>
    <trkpt lat="34.248085" lon="132.553825"/>
    <trkpt lat="34.248059" lon="132.553796"/>
    <trkpt lat="34.248032" lon="132.553766"/>
    <trkpt lat="34.248005" lon="132.553738"/>
    <trkpt lat="34.247978" lon="132.553709"/>
    <trkpt lat="34.247952" lon="132.553679"/>
    <trkpt lat="34.247925" lon="132.553651"/>
    <trkpt lat="34.247898" lon="132.553622"/>
    <trkpt lat="34.247871" lon="132.553593"/>
    <trkpt lat="34.247844" lon="132.553564"/>
    <trkpt lat="34.247817" lon="132.553535"/>
    <trkpt lat="34.247791" lon="132.553506"/>
    <trkpt lat="34.247763" lon="132.553477"/>
    <trkpt lat="34.247736" lon="132.553449"/>
    <trkpt lat="34.247709" lon="132.55342"/>
    <trkpt lat="34.247681" lon="132.553391"/>
    <trkpt lat="34.247654" lon="132.553363"/>
    <trkpt lat="34.247626" lon="132.553335"/>
    <trkpt lat="34.247599" lon="132.553307"/>
    <trkpt lat="34.247572" lon="132.553279"/>
    <trkpt lat="34.247544" lon="132.553251"/>
    <trkpt lat="34.247517" lon="132.553223"/>
    <trkpt lat="34.247489" lon="132.553196"/>
    <trkpt lat="34.247462" lon="132.553167"/>
    <trkpt lat="34.247434" lon="132.553139"/>
    <trkpt lat="34.247407" lon="132.553111"/>
    <trkpt lat="34.247379" lon="132.553083"/>
    <trkpt lat="34.247352" lon="132.553054"/>
    <trkpt lat="34.247324" lon="132.553026"/>
    <trkpt lat="34.247297" lon="132.552998"/>
    <trkpt lat="34.247269" lon="132.55297"/>
    <trkpt lat="34.247242" lon="132.552941"/>
    <trkpt lat="34.247214" lon="132.552914"/>
    <trkpt lat="34.247187" lon="132.552886"/>
    <trkpt lat="34.247159" lon="132.552858"/>
    <trkpt lat="34.247132" lon="132.552829"/>
    <trkpt lat="34.247104" lon="132.552802"/>
    <trkpt lat="34.247076" lon="132.552774"/>
    <trkpt lat="34.247049" lon="132.552746"/>
    <trkpt lat="34.247021" lon="132.552719"/>
    <trkpt lat="34.246993" lon="132.55269"/>
    <trkpt lat="34.246965" lon="132.552662"/>
    <trkpt lat="34.246938" lon="132.552635"/>
    <trkpt lat="34.24691" lon="132.552607"/>
    <trkpt lat="34.246883" lon="132.552578"/>
    <trkpt lat="34.246855" lon="132.55255"/>
    <trkpt lat="34.246828" lon="132.552522"/>
    <trkpt lat="34.2468" lon="132.552495"/>
    <trkpt lat="34.246772" lon="132.552466"/>
    <trkpt lat="34.246745" lon="132.552438"/>
    <trkpt lat="34.246717" lon="132.552411"/>
    <trkpt lat="34.246689" lon="132.552383"/>
    <trkpt lat="34.246661" lon="132.552356"/>
    <trkpt lat="34.246633" lon="132.552327"/>
    <trkpt lat="34.246605" lon="132.5523"/>
    <trkpt lat="34.246578" lon="132.552272"/>
    <trkpt lat="34.24655" lon="132.552245"/>
    <trkpt lat="34.246522" lon="132.552217"/>
    <trkpt lat="34.246494" lon="132.552189"/>
    <trkpt lat="34.246467" lon="132.552161"/>
    <trkpt lat="34.246439" lon="132.552133"/>
    <trkpt lat="34.246412" lon="132.552105"/>
    <trkpt lat="34.246384" lon="132.552076"/>
    <trkpt lat="34.246357" lon="132.552048"/>
    <trkpt lat="34.24633" lon="132.55202"/>
    <trkpt lat="34.246303" lon="132.551992"/>
    <trkpt lat="34.246275" lon="132.551962"/>
    <trkpt lat="34.246248" lon="132.551934"/>
    <trkpt lat="34.246221" lon="132.551906"/>
    <trkpt lat="34.246194" lon="132.551878"/>
    <trkpt lat="34.246166" lon="132.551849"/>
    <trkpt lat="34.246139" lon="132.551821"/>
    <trkpt lat="34.246111" lon="132.551793"/>
    <trkpt lat="34.246084" lon="132.551764"/>
    <trkpt lat="34.246056" lon="132.551736"/>
    <trkpt lat="34.246029" lon="132.551708"/>
    <trkpt lat="34.246001" lon="132.55168"/>
    <trkpt lat="34.245974" lon="132.551653"/>
    <trkpt lat="34.245946" lon="132.551624"/>
    <trkpt lat="34.245919" lon="132.551596"/>
    <trkpt lat="34.245891" lon="132.551568"/>
    <trkpt lat="34.245864" lon="132.55154"/>
    <trkpt lat="34.245837" lon="132.551512"/>
    <trkpt lat="34.245809" lon="132.551484"/>
    <trkpt lat="34.245781" lon="132.551457"/>
    <trkpt lat="34.245754" lon="132.551429"/>
    <trkpt lat="34.245726" lon="132.5514"/>
    <trkpt lat="34.245698" lon="132.551373"/>
    <trkpt lat="34.24567" lon="132.551345"/>
    <trkpt lat="34.245643" lon="132.551318"/>
    <trkpt lat="34.245615" lon="132.55129"/>
    <trkpt lat="34.245587" lon="132.551261"/>
    <trkpt lat="34.24556" lon="132.551233"/>
    <trkpt lat="34.245532" lon="132.551205"/>
    <trkpt lat="34.245505" lon="132.551177"/>
    <trkpt lat="34.245477" lon="132.551149"/>
    <trkpt lat="34.24545" lon="132.551121"/>
    <trkpt lat="34.245422" lon="132.551093"/>
    <trkpt lat="34.245394" lon="132.551066"/>
    <trkpt lat="34.245366" lon="132.551037"/>
    <trkpt lat="34.245338" lon="132.55101"/>
    <trkpt lat="34.24531" lon="132.550983"/>
    <trkpt lat="34.245282" lon="132.550956"/>
    <trkpt lat="34.245254" lon="132.550929"/>
    <trkpt lat="34.245225" lon="132.550902"/>
    <trkpt lat="34.245197" lon="132.550876"/>
    <trkpt lat="34.245169" lon="132.550848"/>
    <trkpt lat="34.245141" lon="132.550821"/>
    <trkpt lat="34.245112" lon="132.550795"/>
    <trkpt lat="34.245084" lon="132.550768"/>
    <trkpt lat="34.245055" lon="132.550741"/>
    <trkpt lat="34.245027" lon="132.550714"/>
    <trkpt lat="34.244999" lon="132.550688"/>
    <trkpt lat="34.24497" lon="132.55066"/>
    <trkpt lat="34.244942" lon="132.550633"/>
    <trkpt lat="34.244914" lon="132.550606"/>
    <trkpt lat="34.244887" lon="132.550579"/>
    <trkpt lat="34.244859" lon="132.550552"/>
    <trkpt lat="34.24483" lon="132.550525"/>
    <trkpt lat="34.244802" lon="132.550497"/>
    <trkpt lat="34.244774" lon="132.55047"/>
    <trkpt lat="34.244746" lon="132.550443"/>
    <trkpt lat="34.244717" lon="132.550416"/>
    <trkpt lat="34.244689" lon="132.550389"/>
    <trkpt lat="34.24466" lon="132.550362"/>
    <trkpt lat="34.244632" lon="132.550335"/>
    <trkpt lat="34.244604" lon="132.550308"/>
    <trkpt lat="34.244576" lon="132.550281"/>
    <trkpt lat="34.244548" lon="132.550254"/>
    <trkpt lat="34.24452" lon="132.550227"/>
    <trkpt lat="34.244492" lon="132.5502"/>
    <trkpt lat="34.244464" lon="132.550172"/>
    <trkpt lat="34.244435" lon="132.550144"/>
    <trkpt lat="34.244407" lon="132.550117"/>
    <trkpt lat="34.244379" lon="132.55009"/>
    <trkpt lat="34.244351" lon="132.550063"/>
    <trkpt lat="34.244323" lon="132.550034"/>
    <trkpt lat="34.244295" lon="132.550007"/>
    <trkpt lat="34.244267" lon="132.54998"/>
    <trkpt lat="34.244239" lon="132.549954"/>
    <trkpt lat="34.244211" lon="132.549928"/>
    <trkpt lat="34.244181" lon="132.549902"/>
    <trkpt lat="34.244151" lon="132.549878"/>
    <trkpt lat="34.24412" lon="132.549857"/>
    <trkpt lat="34.244086" lon="132.54984"/>
    <trkpt lat="34.244052" lon="132.549829"/>
    <trkpt lat="34.244016" lon="132.549827"/>
    <trkpt lat="34.243981" lon="132.549836"/>
    <trkpt lat="34.243947" lon="132.549853"/>
    <trkpt lat="34.243918" lon="132.549877"/>
    <trkpt lat="34.243891" lon="132.549905"/>
    <trkpt lat="34.243865" lon="132.549937"/>
    <trkpt lat="34.243841" lon="132.549969"/>
    <trkpt lat="34.243818" lon="132.550002"/>
    <trkpt lat="34.243796" lon="132.550037"/>
    <trkpt lat="34.243773" lon="132.55007"/>
    <trkpt lat="34.243751" lon="132.550105"/>
    <trkpt lat="34.243728" lon="132.550139"/>
    <trkpt lat="34.243707" lon="132.550172"/>
    <trkpt lat="34.243683" lon="132.550207"/>
    <trkpt lat="34.243661" lon="132.550241"/>
    <trkpt lat="34.243638" lon="132.550275"/>
    <trkpt lat="34.243617" lon="132.550308"/>
    <trkpt lat="34.243594" lon="132.550343"/>
    <trkpt lat="34.243572" lon="132.550378"/>
    <trkpt lat="34.243552" lon="132.550414"/>
    <trkpt lat="34.243532" lon="132.55045"/>
    <trkpt lat="34.243513" lon="132.550487"/>
    <trkpt lat="34.243495" lon="132.550525"/>
    <trkpt lat="34.243478" lon="132.550563"/>
    <trkpt lat="34.243462" lon="132.550602"/>
    <trkpt lat="34.243446" lon="132.550641"/>
    <trkpt lat="34.24343" lon="132.55068"/>
    <trkpt lat="34.243415" lon="132.550719"/>
    <trkpt lat="34.243399" lon="132.550758"/>
    <trkpt lat="34.243384" lon="132.550797"/>
    <trkpt lat="34.243369" lon="132.550836"/>
    <trkpt lat="34.243353" lon="132.550876"/>
    <trkpt lat="34.243336" lon="132.550915"/>
    <trkpt lat="34.243321" lon="132.550954"/>
    <trkpt lat="34.243305" lon="132.550993"/>
    <trkpt lat="34.243289" lon="132.551032"/>
    <trkpt lat="34.243272" lon="132.55107"/>
    <trkpt lat="34.243256" lon="132.551109"/>
    <trkpt lat="34.243241" lon="132.551148"/>
    <trkpt lat="34.243225" lon="132.551187"/>
    <trkpt lat="34.243208" lon="132.551225"/>
    <trkpt lat="34.243192" lon="132.551265"/>
    <trkpt lat="34.243175" lon="132.551304"/>
    <trkpt lat="34.243159" lon="132.551342"/>
    <trkpt lat="34.243142" lon="132.55138"/>
    <trkpt lat="34.243124" lon="132.551419"/>
    <trkpt lat="34.243107" lon="132.551457"/>
    <trkpt lat="34.243089" lon="132.551495"/>
    <trkpt lat="34.243072" lon="132.551533"/>
    <trkpt lat="34.243055" lon="132.551571"/>
    <trkpt lat="34.243038" lon="132.551609"/>
    <trkpt lat="34.243021" lon="132.551647"/>
    <trkpt lat="34.243005" lon="132.551686"/>
    <trkpt lat="34.242988" lon="132.551725"/>
    <trkpt lat="34.242972" lon="132.551763"/>
    <trkpt lat="34.242957" lon="132.551803"/>
    <trkpt lat="34.242941" lon="132.551842"/>
    <trkpt lat="34.242925" lon="132.551881"/>
    <trkpt lat="34.242909" lon="132.55192"/>
    <trkpt lat="34.242892" lon="132.551959"/>
    <trkpt lat="34.242876" lon="132.551997"/>
    <trkpt lat="34.242859" lon="132.552035"/>
    <trkpt lat="34.242841" lon="132.552073"/>
    <trkpt lat="34.242823" lon="132.552111"/>
    <trkpt lat="34.242805" lon="132.552149"/>
    <trkpt lat="34.242787" lon="132.552187"/>
    <trkpt lat="34.24277" lon="132.552224"/>
    <trkpt lat="34.242752" lon="132.552262"/>
    <trkpt lat="34.242734" lon="132.5523"/>
    <trkpt lat="34.242717" lon="132.552338"/>
    <trkpt lat="34.2427" lon="132.552376"/>
    <trkpt lat="34.242682" lon="132.552414"/>
    <trkpt lat="34.242665" lon="132.552452"/>
    <trkpt lat="34.242648" lon="132.552491"/>
    <trkpt lat="34.242631" lon="132.55253"/>
    <trkpt lat="34.242613" lon="132.552568"/>
    <trkpt lat="34.242595" lon="132.552606"/>
    <trkpt lat="34.242578" lon="132.552644"/>
    <trkpt lat="34.24256" lon="132.552682"/>
    <trkpt lat="34.242543" lon="132.552719"/>
    <trkpt lat="34.242525" lon="132.552757"/>
    <trkpt lat="34.242507" lon="132.552795"/>
    <trkpt lat="34.24249" lon="132.552833"/>
    <trkpt lat="34.242472" lon="132.552871"/>
    <trkpt lat="34.242454" lon="132.552909"/>
    <trkpt lat="34.242437" lon="132.552947"/>
    <trkpt lat="34.24242" lon="132.552985"/>
    <trkpt lat="34.242402" lon="132.553023"/>
    <trkpt lat="34.242384" lon="132.553061"/>
    <trkpt lat="34.242367" lon="132.553099"/>
    <trkpt lat="34.242349" lon="132.553137"/>
    <trkpt lat="34.242332" lon="132.553174"/>
    <trkpt lat="34.242314" lon="132.553212"/>
    <trkpt lat="34.242296" lon="132.55325"/>
    <trkpt lat="34.242278" lon="132.553288"/>
    <trkpt lat="34.242261" lon="132.553326"/>
    <trkpt lat="34.242243" lon="132.553364"/>
    <trkpt lat="34.242226" lon="132.553402"/>
    <trkpt lat="34.242208" lon="132.553439"/>
    <trkpt lat="34.242191" lon="132.553478"/>
    <trkpt lat="34.242174" lon="132.553516"/>
    <trkpt lat="34.242156" lon="132.553554"/>
    <trkpt lat="34.242139" lon="132.553592"/>
    <trkpt lat="34.242122" lon="132.55363"/>
    <trkpt lat="34.242105" lon="132.553669"/>
    <trkpt lat="34.242089" lon="132.553708"/>
    <trkpt lat="34.242072" lon="132.553747"/>
    <trkpt lat="34.242056" lon="132.553785"/>
    <trkpt lat="34.242039" lon="132.553824"/>
    <trkpt lat="34.242023" lon="132.553863"/>
    <trkpt lat="34.242007" lon="132.553901"/>
    <trkpt lat="34.241991" lon="132.55394"/>
    <trkpt lat="34.241974" lon="132.553979"/>
    <trkpt lat="34.241959" lon="132.554018"/>
    <trkpt lat="34.241943" lon="132.554057"/>
    <trkpt lat="34.241928" lon="132.554097"/>
    <trkpt lat="34.241912" lon="132.554136"/>
    <trkpt lat="34.241898" lon="132.554176"/>
    <trkpt lat="34.241884" lon="132.554216"/>
    <trkpt lat="34.241871" lon="132.554256"/>
    <trkpt lat="34.241859" lon="132.554298"/>
    <trkpt lat="34.241847" lon="132.554339"/>
    <trkpt lat="34.241837" lon="132.55438"/>
    <trkpt lat="34.241827" lon="132.554423"/>
    <trkpt lat="34.241819" lon="132.554464"/>
    <trkpt lat="34.24181" lon="132.554506"/>
    <trkpt lat="34.241803" lon="132.55455"/>
    <trkpt lat="34.241796" lon="132.554592"/>
    <trkpt lat="34.24179" lon="132.554634"/>
    <trkpt lat="34.241783" lon="132.554677"/>
    <trkpt lat="34.241778" lon="132.55472"/>
    <trkpt lat="34.241773" lon="132.554764"/>
    <trkpt lat="34.241771" lon="132.554807"/>
    <trkpt lat="34.241768" lon="132.554851"/>
    <trkpt lat="34.241767" lon="132.554893"/>
    <trkpt lat="34.241766" lon="132.554937"/>
    <trkpt lat="34.241766" lon="132.55498"/>
    <trkpt lat="34.241767" lon="132.555024"/>
    <trkpt lat="34.241768" lon="132.555067"/>
    <trkpt lat="34.24177" lon="132.55511"/>
    <trkpt lat="34.241772" lon="132.555154"/>
    <trkpt lat="34.241774" lon="132.555197"/>
    <trkpt lat="34.241776" lon="132.555241"/>
    <trkpt lat="34.241778" lon="132.555284"/>
    <trkpt lat="34.24178" lon="132.555328"/>
    <trkpt lat="34.241781" lon="132.555371"/>
    <trkpt lat="34.241781" lon="132.555415"/>
    <trkpt lat="34.24178" lon="132.555458"/>
    <trkpt lat="34.241779" lon="132.555502"/>
    <trkpt lat="34.241777" lon="132.555545"/>
    <trkpt lat="34.241774" lon="132.555589"/>
    <trkpt lat="34.241772" lon="132.555632"/>
    <trkpt lat="34.241768" lon="132.555676"/>
    <trkpt lat="34.241764" lon="132.555718"/>
    <trkpt lat="34.241761" lon="132.555761"/>
    <trkpt lat="34.241756" lon="132.555805"/>
    <trkpt lat="34.241751" lon="132.555847"/>
    <trkpt lat="34.241745" lon="132.555891"/>
    <trkpt lat="34.241737" lon="132.555933"/>
    <trkpt lat="34.241728" lon="132.555975"/>
    <trkpt lat="34.241718" lon="132.556017"/>
    <trkpt lat="34.241707" lon="132.556058"/>
    <trkpt lat="34.241693" lon="132.556098"/>
    <trkpt lat="34.241679" lon="132.556138"/>
    <trkpt lat="34.241663" lon="132.556178"/>
    <trkpt lat="34.241646" lon="132.556216"/>
    <trkpt lat="34.241628" lon="132.556254"/>
    <trkpt lat="34.241609" lon="132.556291"/>
    <trkpt lat="34.24159" lon="132.556328"/>
    <trkpt lat="34.241572" lon="132.556364"/>
    <trkpt lat="34.241551" lon="132.5564"/>
    <trkpt lat="34.24153" lon="132.556436"/>
    <trkpt lat="34.241509" lon="132.556471"/>
    <trkpt lat="34.241488" lon="132.556506"/>
    <trkpt lat="34.241466" lon="132.556541"/>
    <trkpt lat="34.241444" lon="132.556575"/>
    <trkpt lat="34.241422" lon="132.556609"/>
    <trkpt lat="34.241398" lon="132.556643"/>
    <trkpt lat="34.241376" lon="132.556676"/>
    <trkpt lat="34.241353" lon="132.556709"/>
    <trkpt lat="34.241329" lon="132.556743"/>
    <trkpt lat="34.241306" lon="132.556775"/>
    <trkpt lat="34.241281" lon="132.556808"/>
    <trkpt lat="34.241258" lon="132.55684"/>
    <trkpt lat="34.241234" lon="132.556873"/>
    <trkpt lat="34.241211" lon="132.556907"/>
    <trkpt lat="34.241188" lon="132.55694"/>
    <trkpt lat="34.241167" lon="132.556975"/>
    <trkpt lat="34.241147" lon="132.557012"/>
    <trkpt lat="34.241131" lon="132.55705"/>
    <trkpt lat="34.241119" lon="132.557091"/>
    <trkpt lat="34.241115" lon="132.557135"/>
    <trkpt lat="34.241117" lon="132.557177"/>
    <trkpt lat="34.241127" lon="132.55722"/>
    <trkpt lat="34.241143" lon="132.557259"/>
    <trkpt lat="34.241163" lon="132.557295"/>
    <trkpt lat="34.241185" lon="132.557329"/>
    <trkpt lat="34.241207" lon="132.557363"/>
    <trkpt lat="34.241232" lon="132.557395"/>
    <trkpt lat="34.241257" lon="132.557426"/>
    <trkpt lat="34.241282" lon="132.557458"/>
    <trkpt lat="34.241307" lon="132.557488"/>
    <trkpt lat="34.241333" lon="132.557519"/>
    <trkpt lat="34.241359" lon="132.557549"/>
    <trkpt lat="34.241385" lon="132.557579"/>
    <trkpt lat="34.24141" lon="132.55761"/>
    <trkpt lat="34.241436" lon="132.55764"/>
    <trkpt lat="34.241462" lon="132.55767"/>
    <trkpt lat="34.241489" lon="132.557699"/>
    <trkpt lat="34.241516" lon="132.557728"/>
    <trkpt lat="34.241543" lon="132.557758"/>
    <trkpt lat="34.241569" lon="132.557787"/>
    <trkpt lat="34.241596" lon="132.557816"/>
    <trkpt lat="34.241623" lon="132.557846"/>
    <trkpt lat="34.24165" lon="132.557874"/>
    <trkpt lat="34.241676" lon="132.557903"/>
    <trkpt lat="34.241703" lon="132.557933"/>
    <trkpt lat="34.24173" lon="132.557962"/>
    <trkpt lat="34.241756" lon="132.557991"/>
    <trkpt lat="34.241782" lon="132.558021"/>
    <trkpt lat="34.241809" lon="132.55805"/>
    <trkpt lat="34.241836" lon="132.558079"/>
    <trkpt lat="34.241863" lon="132.558109"/>
    <trkpt lat="34.24189" lon="132.558138"/>
    <trkpt lat="34.241917" lon="132.558166"/>
    <trkpt lat="34.241944" lon="132.558196"/>
    <trkpt lat="34.241971" lon="132.558224"/>
    <trkpt lat="34.241998" lon="132.558252"/>
    <trkpt lat="34.242026" lon="132.55828"/>
    <trkpt lat="34.242054" lon="132.558309"/>
    <trkpt lat="34.242081" lon="132.558336"/>
    <trkpt lat="34.242108" lon="132.558364"/>
    <trkpt lat="34.242136" lon="132.558393"/>
    <trkpt lat="34.242163" lon="132.558422"/>
    <trkpt lat="34.24219" lon="132.558451"/>
    <trkpt lat="34.242216" lon="132.558479"/>
    <trkpt lat="34.242243" lon="132.558509"/>
    <trkpt lat="34.242269" lon="132.558538"/>
    <trkpt lat="34.242296" lon="132.558567"/>
    <trkpt lat="34.242322" lon="132.558598"/>
    <trkpt lat="34.242349" lon="132.558627"/>
    <trkpt lat="34.242375" lon="132.558656"/>
    <trkpt lat="34.242403" lon="132.558686"/>
    <trkpt lat="34.242429" lon="132.558714"/>
    <trkpt lat="34.242456" lon="132.558743"/>
    <trkpt lat="34.242483" lon="132.558773"/>
    <trkpt lat="34.24251" lon="132.558802"/>
    <trkpt lat="34.242537" lon="132.55883"/>
    <trkpt lat="34.242563" lon="132.55886"/>
    <trkpt lat="34.24259" lon="132.558888"/>
    <trkpt lat="34.242617" lon="132.558917"/>
    <trkpt lat="34.242644" lon="132.558946"/>
    <trkpt lat="34.242671" lon="132.558975"/>
    <trkpt lat="34.242698" lon="132.559004"/>
    <trkpt lat="34.242724" lon="132.559033"/>
    <trkpt lat="34.24275" lon="132.559063"/>
    <trkpt lat="34.242777" lon="132.559092"/>
    <trkpt lat="34.242804" lon="132.559123"/>
    <trkpt lat="34.24283" lon="132.559152"/>
    <trkpt lat="34.242856" lon="132.559182"/>
    <trkpt lat="34.242882" lon="132.559212"/>
    <trkpt lat="34.242908" lon="132.559242"/>
    <trkpt lat="34.242934" lon="132.559271"/>
    <trkpt lat="34.24296" lon="132.559302"/>
    <trkpt lat="34.242987" lon="132.559331"/>
    <trkpt lat="34.243014" lon="132.559361"/>
    <trkpt lat="34.243041" lon="132.55939"/>
    <trkpt lat="34.243067" lon="132.559419"/>
    <trkpt lat="34.243094" lon="132.559449"/>
    <trkpt lat="34.243121" lon="132.559477"/>
    <trkpt lat="34.243148" lon="132.559506"/>
    <trkpt lat="34.243175" lon="132.559534"/>
    <trkpt lat="34.243202" lon="132.559564"/>
    <trkpt lat="34.243228" lon="132.559592"/>
    <trkpt lat="34.243255" lon="132.559621"/>
    <trkpt lat="34.243282" lon="132.559651"/>
    <trkpt lat="34.243309" lon="132.559679"/>
    <trkpt lat="34.243336" lon="132.559708"/>
    <trkpt lat="34.243363" lon="132.559737"/>
    <trkpt lat="34.24339" lon="132.559765"/>
    <trkpt lat="34.243417" lon="132.559794"/>
    <trkpt lat="34.243444" lon="132.559822"/>
    <trkpt lat="34.243471" lon="132.559852"/>
    <trkpt lat="34.243499" lon="132.55988"/>
    <trkpt lat="34.243526" lon="132.559908"/>
    <trkpt lat="34.243553" lon="132.559938"/>
    <trkpt lat="34.243581" lon="132.559966"/>
    <trkpt lat="34.243608" lon="132.559994"/>
    <trkpt lat="34.243635" lon="132.560023"/>
    <trkpt lat="34.243662" lon="132.560052"/>
    <trkpt lat="34.243689" lon="132.560081"/>
    <trkpt lat="34.243716" lon="132.560109"/>
    <trkpt lat="34.243743" lon="132.560139"/>
    <trkpt lat="34.24377" lon="132.560167"/>
    <trkpt lat="34.243797" lon="132.560196"/>
    <trkpt lat="34.243824" lon="132.560224"/>
    <trkpt lat="34.243851" lon="132.560254"/>
    <trkpt lat="34.243878" lon="132.560282"/>
    <trkpt lat="34.243905" lon="132.560311"/>
    <trkpt lat="34.243932" lon="132.56034"/>
    <trkpt lat="34.243959" lon="132.560368"/>
    <trkpt lat="34.243986" lon="132.560397"/>
    <trkpt lat="34.244013" lon="132.560425"/>
    <trkpt lat="34.24404" lon="132.560455"/>
    <trkpt lat="34.244067" lon="132.560483"/>
    <trkpt lat="34.244094" lon="132.560511"/>
    <trkpt lat="34.244122" lon="132.56054"/>
    <trkpt lat="34.244149" lon="132.560568"/>
    <trkpt lat="34.244176" lon="132.560596"/>
    <trkpt lat="34.244204" lon="132.560624"/>
    <trkpt lat="34.244232" lon="132.560653"/>
    <trkpt lat="34.244259" lon="132.560681"/>
    <trkpt lat="34.244287" lon="132.560709"/>
    <trkpt lat="34.244314" lon="132.560737"/>
    <trkpt lat="34.244341" lon="132.560766"/>
    <trkpt lat="34.244368" lon="132.560794"/>
    <trkpt lat="34.244395" lon="132.560823"/>
    <trkpt lat="34.244422" lon="132.560851"/>
    <trkpt lat="34.244449" lon="132.560881"/>
    <trkpt lat="34.244476" lon="132.560909"/>
    <trkpt lat="34.244503" lon="132.560938"/>
    <trkpt lat="34.244531" lon="132.560967"/>
    <trkpt lat="34.244558" lon="132.560996"/>
    <trkpt lat="34.244585" lon="132.561024"/>
    <trkpt lat="34.244612" lon="132.561053"/>
    <trkpt lat="34.24464" lon="132.561081"/>
    <trkpt lat="34.244667" lon="132.561109"/>
    <trkpt lat="34.244694" lon="132.561138"/>
    <trkpt lat="34.244721" lon="132.561167"/>
    <trkpt lat="34.244749" lon="132.561195"/>
    <trkpt lat="34.244776" lon="132.561223"/>
    <trkpt lat="34.244803" lon="132.561251"/>
    <trkpt lat="34.24483" lon="132.561281"/>
    <trkpt lat="34.244857" lon="132.561309"/>
    <trkpt lat="34.244884" lon="132.561337"/>
    <trkpt lat="34.244911" lon="132.561367"/>
    <trkpt lat="34.244939" lon="132.561395"/>
    <trkpt lat="34.244966" lon="132.561423"/>
    <trkpt lat="34.244993" lon="132.561452"/>
    <trkpt lat="34.24502" lon="132.561481"/>
    <trkpt lat="34.245047" lon="132.561509"/>
    <trkpt lat="34.245075" lon="132.561537"/>
    <trkpt lat="34.245102" lon="132.561565"/>
    <trkpt lat="34.245129" lon="132.561594"/>
    <trkpt lat="34.245157" lon="132.561622"/>
    <trkpt lat="34.245184" lon="132.56165"/>
    <trkpt lat="34.245211" lon="132.561678"/>
    <trkpt lat="34.245239" lon="132.561708"/>
    <trkpt lat="34.245266" lon="132.561736"/>
    <trkpt lat="34.245293" lon="132.561764"/>
    <trkpt lat="34.24532" lon="132.561793"/>
    <trkpt lat="34.245348" lon="132.561821"/>
    <trkpt lat="34.245375" lon="132.56185"/>
    <trkpt lat="34.245402" lon="132.561878"/>
    <trkpt lat="34.245429" lon="132.561907"/>
    <trkpt lat="34.245456" lon="132.561936"/>
    <trkpt lat="34.245483" lon="132.561964"/>
    <trkpt lat="34.24551" lon="132.561994"/>
    <trkpt lat="34.245537" lon="132.562022"/>
    <trkpt lat="34.245564" lon="132.56205"/>
    <trkpt lat="34.245591" lon="132.562079"/>
    <trkpt lat="34.245618" lon="132.562108"/>
    <trkpt lat="34.245646" lon="132.562136"/>
    <trkpt lat="34.245673" lon="132.562164"/>
    <trkpt lat="34.245701" lon="132.562192"/>
    <trkpt lat="34.245728" lon="132.562221"/>
    <trkpt lat="34.245756" lon="132.562248"/>
    <trkpt lat="34.245784" lon="132.562276"/>
    <trkpt lat="34.245812" lon="132.562303"/>
    <trkpt lat="34.24584" lon="132.562332"/>
    <trkpt lat="34.245867" lon="132.562359"/>
    <trkpt lat="34.245895" lon="132.562387"/>
    <trkpt lat="34.245923" lon="132.562414"/>
    <trkpt lat="34.245951" lon="132.562442"/>
    <trkpt lat="34.245978" lon="132.56247"/>
    <trkpt lat="34.246006" lon="132.562498"/>
    <trkpt lat="34.246033" lon="132.562526"/>
    <trkpt lat="34.246061" lon="132.562554"/>
    <trkpt lat="34.246088" lon="132.562583"/>
    <trkpt lat="34.246115" lon="132.562612"/>
    <trkpt lat="34.246142" lon="132.56264"/>
    <trkpt lat="34.24617" lon="132.562668"/>
    <trkpt lat="34.246197" lon="132.562697"/>
    <trkpt lat="34.246225" lon="132.562725"/>
    <trkpt lat="34.246252" lon="132.562753"/>
    <trkpt lat="34.24628" lon="132.56278"/>
    <trkpt lat="34.246308" lon="132.562809"/>
    <trkpt lat="34.246336" lon="132.562836"/>
    <trkpt lat="34.246364" lon="132.562863"/>
    <trkpt lat="34.246392" lon="132.56289"/>
    <trkpt lat="34.24642" lon="132.562917"/>
    <trkpt lat="34.246448" lon="132.562946"/>
    <trkpt lat="34.246476" lon="132.562973"/>
    <trkpt lat="34.246503" lon="132.563"/>
    <trkpt lat="34.246531" lon="132.563027"/>
    <trkpt lat="34.246559" lon="132.563055"/>
    <trkpt lat="34.246587" lon="132.563082"/>
    <trkpt lat="34.246615" lon="132.563111"/>
    <trkpt lat="34.246642" lon="132.563138"/>
    <trkpt lat="34.24667" lon="132.563166"/>
    <trkpt lat="34.246698" lon="132.563194"/>
    <trkpt lat="34.246725" lon="132.563223"/>
    <trkpt lat="34.246753" lon="132.563251"/>
    <trkpt lat="34.24678" lon="132.563279"/>
    <trkpt lat="34.246808" lon="132.563306"/>
    <trkpt lat="34.246835" lon="132.563335"/>
    <trkpt lat="34.246863" lon="132.563363"/>
    <trkpt lat="34.24689" lon="132.563391"/>
    <trkpt lat="34.246918" lon="132.563419"/>
    <trkpt lat="34.246945" lon="132.563448"/>
    <trkpt lat="34.246973" lon="132.563475"/>
    <trkpt lat="34.247001" lon="132.563503"/>
    <trkpt lat="34.247028" lon="132.563531"/>
    <trkpt lat="34.247056" lon="132.56356"/>
    <trkpt lat="34.247083" lon="132.563588"/>
    <trkpt lat="34.24711" lon="132.563616"/>
    <trkpt lat="34.247137" lon="132.563645"/>
    <trkpt lat="34.247164" lon="132.563674"/>
    <trkpt lat="34.24719" lon="132.563703"/>
    <trkpt lat="34.247217" lon="132.563733"/>
    <trkpt lat="34.247243" lon="132.563764"/>
    <trkpt lat="34.247268" lon="132.563794"/>
    <trkpt lat="34.247293" lon="132.563826"/>
    <trkpt lat="34.247317" lon="132.563858"/>
    <trkpt lat="34.247341" lon="132.563891"/>
    <trkpt lat="34.247364" lon="132.563925"/>
    <trkpt lat="34.247386" lon="132.563958"/>
    <trkpt lat="34.247408" lon="132.563993"/>
    <trkpt lat="34.247429" lon="132.564028"/>
    <trkpt lat="34.24745" lon="132.564064"/>
    <trkpt lat="34.247471" lon="132.5641"/>
    <trkpt lat="34.24749" lon="132.564135"/>
    <trkpt lat="34.24751" lon="132.564171"/>
    <trkpt lat="34.24753" lon="132.564208"/>
    <trkpt lat="34.24755" lon="132.564244"/>
    <trkpt lat="34.247569" lon="132.564281"/>
    <trkpt lat="34.247589" lon="132.564318"/>
    <trkpt lat="34.247608" lon="132.564355"/>
    <trkpt lat="34.247626" lon="132.564392"/>
    <trkpt lat="34.247646" lon="132.564429"/>
    <trkpt lat="34.247665" lon="132.564466"/>
    <trkpt lat="34.247684" lon="132.564502"/>
    <trkpt lat="34.247703" lon="132.564539"/>
    <trkpt lat="34.247723" lon="132.564576"/>
    <trkpt lat="34.247742" lon="132.564613"/>
    <trkpt lat="34.247761" lon="132.564649"/>
    <trkpt lat="34.24778" lon="132.564686"/>
    <trkpt lat="34.247799" lon="132.564723"/>
    <trkpt lat="34.247818" lon="132.56476"/>
    <trkpt lat="34.247837" lon="132.564797"/>
    <trkpt lat="34.247855" lon="132.564834"/>
    <trkpt lat="34.247874" lon="132.564871"/>
    <trkpt lat="34.247893" lon="132.564908"/>
    <trkpt lat="34.247913" lon="132.564945"/>
    <trkpt lat="34.247932" lon="132.564982"/>
    <trkpt lat="34.247951" lon="132.565019"/>
    <trkpt lat="34.24797" lon="132.565056"/>
    <trkpt lat="34.247989" lon="132.565093"/>
    <trkpt lat="34.248008" lon="132.56513"/>
    <trkpt lat="34.248026" lon="132.565167"/>
    <trkpt lat="34.248045" lon="132.565205"/>
    <trkpt lat="34.248064" lon="132.565242"/>
    <trkpt lat="34.248083" lon="132.565279"/>
    <trkpt lat="34.248101" lon="132.565316"/>
    <trkpt lat="34.24812" lon="132.565353"/>
    <trkpt lat="34.248139" lon="132.56539"/>
    <trkpt lat="34.248159" lon="132.565426"/>
    <trkpt lat="34.248178" lon="132.565463"/>
    <trkpt lat="34.248197" lon="132.565499"/>
    <trkpt lat="34.248216" lon="132.565536"/>
    <trkpt lat="34.248235" lon="132.565574"/>
    <trkpt lat="34.248254" lon="132.565611"/>
    <trkpt lat="34.248273" lon="132.565648"/>
    <trkpt lat="34.248291" lon="132.565685"/>
    <trkpt lat="34.24831" lon="132.565722"/>
    <trkpt lat="34.248329" lon="132.565759"/>
    <trkpt lat="34.248348" lon="132.565796"/>
    <trkpt lat="34.248366" lon="132.565833"/>
    <trkpt lat="34.248385" lon="132.565871"/>
    <trkpt lat="34.248403" lon="132.565908"/>
    <trkpt lat="34.248422" lon="132.565945"/>
    <trkpt lat="34.24844" lon="132.565983"/>
    <trkpt lat="34.248458" lon="132.566021"/>
    <trkpt lat="34.248476" lon="132.566059"/>
    <trkpt lat="34.248492" lon="132.566097"/>
    <trkpt lat="34.248509" lon="132.566136"/>
    <trkpt lat="34.248524" lon="132.566175"/>
    <trkpt lat="34.24854" lon="132.566214"/>
    <trkpt lat="34.248555" lon="132.566253"/>
    <trkpt lat="34.248569" lon="132.566294"/>
    <trkpt lat="34.248584" lon="132.566334"/>
    <trkpt lat="34.248598" lon="132.566373"/>
    <trkpt lat="34.248612" lon="132.566413"/>
    <trkpt lat="34.248624" lon="132.566455"/>
    <trkpt lat="34.248637" lon="132.566495"/>
    <trkpt lat="34.248649" lon="132.566536"/>
    <trkpt lat="34.248661" lon="132.566577"/>
    <trkpt lat="34.248672" lon="132.566619"/>
    <trkpt lat="34.248683" lon="132.56666"/>
    <trkpt lat="34.248693" lon="132.566701"/>
    <trkpt lat="34.248702" lon="132.566744"/>
    <trkpt lat="34.24871" lon="132.566786"/>
    <trkpt lat="34.248717" lon="132.566828"/>
    <trkpt lat="34.248723" lon="132.566872"/>
    <trkpt lat="34.248729" lon="132.566914"/>
    <trkpt lat="34.248732" lon="132.566958"/>
    <trkpt lat="34.248735" lon="132.567001"/>
    <trkpt lat="34.248737" lon="132.567045"/>
    <trkpt lat="34.248737" lon="132.567088"/>
    <trkpt lat="34.248737" lon="132.567132"/>
    <trkpt lat="34.248735" lon="132.567175"/>
    <trkpt lat="34.248734" lon="132.567218"/>
    <trkpt lat="34.248733" lon="132.567262"/>
    <trkpt lat="34.248732" lon="132.567305"/>
    <trkpt lat="34.248733" lon="132.567349"/>
    <trkpt lat="34.248733" lon="132.567392"/>
    <trkpt lat="34.248734" lon="132.567436"/>
    <trkpt lat="34.248735" lon="132.567479"/>
    <trkpt lat="34.248735" lon="132.567523"/>
    <trkpt lat="34.248735" lon="132.567566"/>
    <trkpt lat="34.248734" lon="132.56761"/>
    <trkpt lat="34.248732" lon="132.567653"/>
    <trkpt lat="34.24873" lon="132.567696"/>
    <trkpt lat="34.248727" lon="132.567739"/>
    <trkpt lat="34.248724" lon="132.567782"/>
    <trkpt lat="34.248721" lon="132.567826"/>
    <trkpt lat="34.248717" lon="132.567869"/>
    <trkpt lat="34.248713" lon="132.567913"/>
    <trkpt lat="34.248708" lon="132.567955"/>
    <trkpt lat="34.248704" lon="132.567999"/>
    <trkpt lat="34.248699" lon="132.568042"/>
    <trkpt lat="34.248695" lon="132.568085"/>
    <trkpt lat="34.248689" lon="132.568128"/>
    <trkpt lat="34.248683" lon="132.56817"/>
    <trkpt lat="34.248676" lon="132.568213"/>
    <trkpt lat="34.248667" lon="132.568255"/>
    <trkpt lat="34.248657" lon="132.568298"/>
    <trkpt lat="34.248646" lon="132.568339"/>
    <trkpt lat="34.248635" lon="132.56838"/>
    <trkpt lat="34.248624" lon="132.568421"/>
    <trkpt lat="34.248613" lon="132.568463"/>
    <trkpt lat="34.248604" lon="132.568505"/>
    <trkpt lat="34.248595" lon="132.568547"/>
    <trkpt lat="34.248587" lon="132.56859"/>
    <trkpt lat="34.248579" lon="132.568632"/>
    <trkpt lat="34.248572" lon="132.568675"/>
    <trkpt lat="34.248564" lon="132.568717"/>
    <trkpt lat="34.248556" lon="132.568759"/>
    <trkpt lat="34.248548" lon="132.568802"/>
    <trkpt lat="34.24854" lon="132.568844"/>
    <trkpt lat="34.248531" lon="132.568887"/>
    <trkpt lat="34.248524" lon="132.568929"/>
    <trkpt lat="34.248516" lon="132.568971"/>
    <trkpt lat="34.248508" lon="132.569014"/>
    <trkpt lat="34.248501" lon="132.569056"/>
    <trkpt lat="34.248493" lon="132.569098"/>
    <trkpt lat="34.248485" lon="132.569141"/>
    <trkpt lat="34.248477" lon="132.569183"/>
    <trkpt lat="34.248469" lon="132.569226"/>
    <trkpt lat="34.248462" lon="132.569268"/>
    <trkpt lat="34.248454" lon="132.56931"/>
    <trkpt lat="34.248445" lon="132.569353"/>
    <trkpt lat="34.248436" lon="132.569395"/>
    <trkpt lat="34.248426" lon="132.569436"/>
    <trkpt lat="34.248413" lon="132.569478"/>
    <trkpt lat="34.248399" lon="132.569517"/>
    <trkpt lat="34.248381" lon="132.569555"/>
    <trkpt lat="34.248358" lon="132.56959"/>
    <trkpt lat="34.248333" lon="132.56962"/>
    <trkpt lat="34.248304" lon="132.569646"/>
    <trkpt lat="34.248273" lon="132.569668"/>
    <trkpt lat="34.24824" lon="132.569685"/>
    <trkpt lat="34.248206" lon="132.5697"/>
    <trkpt lat="34.248172" lon="132.569711"/>
    <trkpt lat="34.248136" lon="132.56972"/>
    <trkpt lat="34.248101" lon="132.569725"/>
    <trkpt lat="34.248065" lon="132.569725"/>
    <trkpt lat="34.248028" lon="132.56972"/>
    <trkpt lat="34.247993" lon="132.569709"/>
    <trkpt lat="34.247961" lon="132.569692"/>
    <trkpt lat="34.247929" lon="132.56967"/>
    <trkpt lat="34.2479" lon="132.569645"/>
    <trkpt lat="34.247873" lon="132.569617"/>
    <trkpt lat="34.247846" lon="132.569587"/>
    <trkpt lat="34.247821" lon="132.569556"/>
    <trkpt lat="34.247796" lon="132.569524"/>
    <trkpt lat="34.247772" lon="132.569493"/>
    <trkpt lat="34.247747" lon="132.56946"/>
    <trkpt lat="34.247723" lon="132.569429"/>
    <trkpt lat="34.247699" lon="132.569397"/>
    <trkpt lat="34.247673" lon="132.569365"/>
    <trkpt lat="34.247649" lon="132.569333"/>
    <trkpt lat="34.247625" lon="132.569302"/>
    <trkpt lat="34.247599" lon="132.56927"/>
    <trkpt lat="34.247574" lon="132.569239"/>
    <trkpt lat="34.24755" lon="132.569207"/>
    <trkpt lat="34.247525" lon="132.569176"/>
    <trkpt lat="34.2475" lon="132.569144"/>
    <trkpt lat="34.247475" lon="132.569113"/>
    <trkpt lat="34.24745" lon="132.569082"/>
    <trkpt lat="34.247425" lon="132.569051"/>
    <trkpt lat="34.247399" lon="132.569019"/>
    <trkpt lat="34.247374" lon="132.568989"/>
    <trkpt lat="34.247349" lon="132.568958"/>
    <trkpt lat="34.247323" lon="132.568928"/>
    <trkpt lat="34.247297" lon="132.568898"/>
    <trkpt lat="34.24727" lon="132.568869"/>
    <trkpt lat="34.247243" lon="132.56884"/>
    <trkpt lat="34.247216" lon="132.56881"/>
    <trkpt lat="34.247189" lon="132.568782"/>
    <trkpt lat="34.247161" lon="132.568754"/>
    <trkpt lat="34.247134" lon="132.568726"/>
    <trkpt lat="34.247106" lon="132.568697"/>
    <trkpt lat="34.247079" lon="132.568669"/>
    <trkpt lat="34.247051" lon="132.568642"/>
    <trkpt lat="34.247024" lon="132.568614"/>
    <trkpt lat="34.246996" lon="132.568587"/>
    <trkpt lat="34.246969" lon="132.568558"/>
    <trkpt lat="34.246941" lon="132.568531"/>
    <trkpt lat="34.246913" lon="132.568503"/>
    <trkpt lat="34.246885" lon="132.568475"/>
    <trkpt lat="34.246858" lon="132.568448"/>
    <trkpt lat="34.24683" lon="132.568419"/>
    <trkpt lat="34.246802" lon="132.568391"/>
    <trkpt lat="34.246775" lon="132.568363"/>
    <trkpt lat="34.246747" lon="132.568336"/>
    <trkpt lat="34.24672" lon="132.568307"/>
    <trkpt lat="34.246692" lon="132.568279"/>
    <trkpt lat="34.246664" lon="132.568252"/>
    <trkpt lat="34.246637" lon="132.568224"/>
    <trkpt lat="34.246609" lon="132.568195"/>
    <trkpt lat="34.246581" lon="132.568168"/>
    <trkpt lat="34.246553" lon="132.56814"/>
    <trkpt lat="34.246526" lon="132.568112"/>
    <trkpt lat="34.246498" lon="132.568085"/>
    <trkpt lat="34.24647" lon="132.568056"/>
    <trkpt lat="34.246443" lon="132.568029"/>
    <trkpt lat="34.246415" lon="132.568001"/>
    <trkpt lat="34.246387" lon="132.567973"/>
    <trkpt lat="34.24636" lon="132.567945"/>
    <trkpt lat="34.246332" lon="132.567917"/>
    <trkpt lat="34.246304" lon="132.567889"/>
    <trkpt lat="34.246277" lon="132.567861"/>
    <trkpt lat="34.246249" lon="132.567834"/>
    <trkpt lat="34.246221" lon="132.567805"/>
    <trkpt lat="34.246194" lon="132.567777"/>
    <trkpt lat="34.246166" lon="132.56775"/>
    <trkpt lat="34.246138" lon="132.567722"/>
    <trkpt lat="34.246111" lon="132.567693"/>
    <trkpt lat="34.246084" lon="132.567665"/>
    <trkpt lat="34.246056" lon="132.567637"/>
    <trkpt lat="34.246029" lon="132.567609"/>
    <trkpt lat="34.246001" lon="132.56758"/>
    <trkpt lat="34.245974" lon="132.567552"/>
    <trkpt lat="34.245947" lon="132.567524"/>
    <trkpt lat="34.245919" lon="132.567496"/>
    <trkpt lat="34.245892" lon="132.567467"/>
    <trkpt lat="34.245864" lon="132.567439"/>
    <trkpt lat="34.245837" lon="132.567411"/>
    <trkpt lat="34.24581" lon="132.567383"/>
    <trkpt lat="34.245782" lon="132.567354"/>
    <trkpt lat="34.245755" lon="132.567326"/>
    <trkpt lat="34.245728" lon="132.567297"/>
    <trkpt lat="34.245701" lon="132.567268"/>
    <trkpt lat="34.245673" lon="132.56724"/>
    <trkpt lat="34.245646" lon="132.567212"/>
    <trkpt lat="34.245619" lon="132.567184"/>
    <trkpt lat="34.245591" lon="132.567155"/>
    <trkpt lat="34.245564" lon="132.567127"/>
    <trkpt lat="34.245536" lon="132.567099"/>
    <trkpt lat="34.245509" lon="132.567071"/>
    <trkpt lat="34.245481" lon="132.567042"/>
    <trkpt lat="34.245454" lon="132.567014"/>
    <trkpt lat="34.245427" lon="132.566986"/>
    <trkpt lat="34.245399" lon="132.566958"/>
    <trkpt lat="34.245372" lon="132.566929"/>
    <trkpt lat="34.245345" lon="132.566901"/>
    <trkpt lat="34.245318" lon="132.566873"/>
    <trkpt lat="34.24529" lon="132.566844"/>
    <trkpt lat="34.245263" lon="132.566815"/>
    <trkpt lat="34.245236" lon="132.566787"/>
    <trkpt lat="34.245208" lon="132.566759"/>
    <trkpt lat="34.245181" lon="132.566731"/>
    <trkpt lat="34.245153" lon="132.566702"/>
    <trkpt lat="34.245126" lon="132.566675"/>
    <trkpt lat="34.245098" lon="132.566647"/>
    <trkpt lat="34.245071" lon="132.566619"/>
    <trkpt lat="34.245043" lon="132.56659"/>
    <trkpt lat="34.245015" lon="132.566562"/>
    <trkpt lat="34.244988" lon="132.566535"/>
    <trkpt lat="34.24496" lon="132.566507"/>
    <trkpt lat="34.244932" lon="132.56648"/>
    <trkpt lat="34.244905" lon="132.566451"/>
    <trkpt lat="34.244877" lon="132.566424"/>
    <trkpt lat="34.24485" lon="132.566396"/>
    <trkpt lat="34.244822" lon="132.566369"/>
    <trkpt lat="34.244794" lon="132.566341"/>
    <trkpt lat="34.244766" lon="132.566313"/>
    <trkpt lat="34.244738" lon="132.566285"/>
    <trkpt lat="34.244711" lon="132.566258"/>
    <trkpt lat="34.244683" lon="132.56623"/>
    <trkpt lat="34.244655" lon="132.566201"/>
    <trkpt lat="34.244628" lon="132.566174"/>
    <trkpt lat="34.2446" lon="132.566146"/>
    <trkpt lat="34.244573" lon="132.566118"/>
    <trkpt lat="34.244545" lon="132.566089"/>
    <trkpt lat="34.244518" lon="132.566061"/>
    <trkpt lat="34.24449" lon="132.566033"/>
    <trkpt lat="34.244463" lon="132.566005"/>
    <trkpt lat="34.244435" lon="132.565976"/>
    <trkpt lat="34.244408" lon="132.565949"/>
    <trkpt lat="34.24438" lon="132.565921"/>
    <trkpt lat="34.244352" lon="132.565893"/>
    <trkpt lat="34.244324" lon="132.565866"/>
    <trkpt lat="34.244297" lon="132.565838"/>
    <trkpt lat="34.244269" lon="132.56581"/>
    <trkpt lat="34.244241" lon="132.565782"/>
    <trkpt lat="34.244213" lon="132.565755"/>
    <trkpt lat="34.244185" lon="132.565726"/>
    <trkpt lat="34.244158" lon="132.565699"/>
    <trkpt lat="34.24413" lon="132.565671"/>
    <trkpt lat="34.244103" lon="132.565643"/>
    <trkpt lat="34.244075" lon="132.565614"/>
    <trkpt lat="34.244048" lon="132.565586"/>
    <trkpt lat="34.24402" lon="132.565558"/>
    <trkpt lat="34.243993" lon="132.56553"/>
    <trkpt lat="34.243965" lon="132.565503"/>
    <trkpt lat="34.243938" lon="132.565474"/>
    <trkpt lat="34.24391" lon="132.565446"/>
    <trkpt lat="34.243883" lon="132.565418"/>
    <trkpt lat="34.243855" lon="132.56539"/>
    <trkpt lat="34.243828" lon="132.565361"/>
    <trkpt lat="34.243801" lon="132.565333"/>
    <trkpt lat="34.243773" lon="132.565304"/>
    <trkpt lat="34.243746" lon="132.565275"/>
    <trkpt lat="34.243719" lon="132.565247"/>
    <trkpt lat="34.243692" lon="132.565219"/>
    <trkpt lat="34.243664" lon="132.565191"/>
    <trkpt lat="34.243637" lon="132.565162"/>
    <trkpt lat="34.243609" lon="132.565134"/>
    <trkpt lat="34.243582" lon="132.565106"/>
    <trkpt lat="34.243554" lon="132.565079"/>
    <trkpt lat="34.243526" lon="132.56505"/>
    <trkpt lat="34.243499" lon="132.565022"/>
    <trkpt lat="34.243471" lon="132.564995"/>
    <trkpt lat="34.243444" lon="132.564967"/>
    <trkpt lat="34.243416" lon="132.56494"/>
    <trkpt lat="34.243388" lon="132.564912"/>
    <trkpt lat="34.24336" lon="132.564884"/>
    <trkpt lat="34.243332" lon="132.564857"/>
    <trkpt lat="34.243304" lon="132.56483"/>
    <trkpt lat="34.243276" lon="132.564802"/>
    <trkpt lat="34.243249" lon="132.564774"/>
    <trkpt lat="34.243221" lon="132.564746"/>
    <trkpt lat="34.243193" lon="132.564719"/>
    <trkpt lat="34.243165" lon="132.564691"/>
    <trkpt lat="34.243138" lon="132.564663"/>
    <trkpt lat="34.24311" lon="132.564635"/>
    <trkpt lat="34.243082" lon="132.564607"/>
    <trkpt lat="34.243055" lon="132.564579"/>
    <trkpt lat="34.243027" lon="132.564551"/>
    <trkpt lat="34.243" lon="132.564522"/>
    <trkpt lat="34.242973" lon="132.564494"/>
    <trkpt lat="34.242945" lon="132.564466"/>
    <trkpt lat="34.242918" lon="132.564438"/>
    <trkpt lat="34.24289" lon="132.564409"/>
    <trkpt lat="34.242863" lon="132.564381"/>
    <trkpt lat="34.242835" lon="132.564354"/>
    <trkpt lat="34.242808" lon="132.564326"/>
    <trkpt lat="34.24278" lon="132.564297"/>
    <trkpt lat="34.242752" lon="132.564269"/>
    <trkpt lat="34.242725" lon="132.564242"/>
    <trkpt lat="34.242697" lon="132.564214"/>
    <trkpt lat="34.242669" lon="132.564185"/>
    <trkpt lat="34.242642" lon="132.564158"/>
    <trkpt lat="34.242614" lon="132.56413"/>
    <trkpt lat="34.242586" lon="132.564102"/>
    <trkpt lat="34.242559" lon="132.564075"/>
    <trkpt lat="34.242531" lon="132.564046"/>
    <trkpt lat="34.242504" lon="132.564018"/>
    <trkpt lat="34.242476" lon="132.56399"/>
    <trkpt lat="34.242448" lon="132.563963"/>
    <trkpt lat="34.242421" lon="132.563934"/>
    <trkpt lat="34.242394" lon="132.563906"/>
    <trkpt lat="34.242366" lon="132.563878"/>
    <trkpt lat="34.242339" lon="132.563851"/>
    <trkpt lat="34.242311" lon="132.563823"/>
    <trkpt lat="34.242284" lon="132.563794"/>
    <trkpt lat="34.242256" lon="132.563766"/>
    <trkpt lat="34.242229" lon="132.563738"/>
    <trkpt lat="34.242201" lon="132.563711"/>
    <trkpt lat="34.242173" lon="132.563682"/>
    <trkpt lat="34.242146" lon="132.563654"/>
    <trkpt lat="34.242118" lon="132.563627"/>
    <trkpt lat="34.24209" lon="132.563599"/>
    <trkpt lat="34.242062" lon="132.563571"/>
    <trkpt lat="34.242035" lon="132.563543"/>
    <trkpt lat="34.242007" lon="132.563515"/>
    <trkpt lat="34.24198" lon="132.563487"/>
    <trkpt lat="34.241952" lon="132.563458"/>
    <trkpt lat="34.241925" lon="132.563431"/>
    <trkpt lat="34.241897" lon="132.563403"/>
    <trkpt lat="34.241869" lon="132.563375"/>
    <trkpt lat="34.241841" lon="132.563348"/>
    <trkpt lat="34.241812" lon="132.563322"/>
    <trkpt lat="34.241783" lon="132.563295"/>
    <trkpt lat="34.241754" lon="132.563272"/>
    <trkpt lat="34.241723" lon="132.563248"/>
    <trkpt lat="34.241692" lon="132.563226"/>
    <trkpt lat="34.24166" lon="132.563206"/>
    <trkpt lat="34.241627" lon="132.563188"/>
    <trkpt lat="34.241594" lon="132.56317"/>
    <trkpt lat="34.241561" lon="132.563154"/>
    <trkpt lat="34.241527" lon="132.563138"/>
    <trkpt lat="34.241494" lon="132.563122"/>
    <trkpt lat="34.241461" lon="132.563104"/>
    <trkpt lat="34.241428" lon="132.563086"/>
    <trkpt lat="34.241397" lon="132.563065"/>
    <trkpt lat="34.241365" lon="132.563043"/>
    <trkpt lat="34.241335" lon="132.563019"/>
    <trkpt lat="34.241306" lon="132.562996"/>
    <trkpt lat="34.241276" lon="132.562969"/>
    <trkpt lat="34.241247" lon="132.562943"/>
    <trkpt lat="34.241219" lon="132.562917"/>
    <trkpt lat="34.24119" lon="132.56289"/>
    <trkpt lat="34.241162" lon="132.562863"/>
    <trkpt lat="34.241134" lon="132.562835"/>
    <trkpt lat="34.241107" lon="132.562808"/>
    <trkpt lat="34.241079" lon="132.562779"/>
    <trkpt lat="34.241051" lon="132.562751"/>
    <trkpt lat="34.241024" lon="132.562724"/>
    <trkpt lat="34.240996" lon="132.562696"/>
    <trkpt lat="34.240969" lon="132.562668"/>
    <trkpt lat="34.240941" lon="132.56264"/>
    <trkpt lat="34.240913" lon="132.562613"/>
    <trkpt lat="34.240885" lon="132.562585"/>
    <trkpt lat="34.240857" lon="132.562558"/>
    <trkpt lat="34.240829" lon="132.56253"/>
    <trkpt lat="34.240802" lon="132.562502"/>
    <trkpt lat="34.240774" lon="132.562474"/>
    <trkpt lat="34.240746" lon="132.562447"/>
    <trkpt lat="34.240719" lon="132.562419"/>
    <trkpt lat="34.240691" lon="132.56239"/>
    <trkpt lat="34.240664" lon="132.562362"/>
    <trkpt lat="34.240636" lon="132.562334"/>
    <trkpt lat="34.240609" lon="132.562305"/>
    <trkpt lat="34.240581" lon="132.562277"/>
    <trkpt lat="34.240554" lon="132.562249"/>
    <trkpt lat="34.240526" lon="132.562221"/>
    <trkpt lat="34.240499" lon="132.562194"/>
    <trkpt lat="34.240471" lon="132.562165"/>
    <trkpt lat="34.240444" lon="132.562137"/>
    <trkpt lat="34.240416" lon="132.562109"/>
    <trkpt lat="34.240389" lon="132.562081"/>
    <trkpt lat="34.240361" lon="132.562052"/>
    <trkpt lat="34.240334" lon="132.562025"/>
    <trkpt lat="34.240306" lon="132.561997"/>
    <trkpt lat="34.240279" lon="132.561969"/>
    <trkpt lat="34.240251" lon="132.56194"/>
    <trkpt lat="34.240223" lon="132.561913"/>
    <trkpt lat="34.240196" lon="132.561885"/>
    <trkpt lat="34.240168" lon="132.561857"/>
    <trkpt lat="34.24014" lon="132.561828"/>
    <trkpt lat="34.240113" lon="132.561801"/>
    <trkpt lat="34.240085" lon="132.561773"/>
    <trkpt lat="34.240058" lon="132.561745"/>
    <trkpt lat="34.24003" lon="132.561716"/>
    <trkpt lat="34.240003" lon="132.561688"/>
    <trkpt lat="34.239975" lon="132.56166"/>
    <trkpt lat="34.239948" lon="132.561632"/>
    <trkpt lat="34.239921" lon="132.561603"/>
    <trkpt lat="34.239893" lon="132.561575"/>
    <trkpt lat="34.239866" lon="132.561547"/>
    <trkpt lat="34.239839" lon="132.561519"/>
    <trkpt lat="34.239812" lon="132.56149"/>
    <trkpt lat="34.239784" lon="132.561461"/>
    <trkpt lat="34.239757" lon="132.561433"/>
    <trkpt lat="34.23973" lon="132.561405"/>
    <trkpt lat="34.239702" lon="132.561376"/>
    <trkpt lat="34.239675" lon="132.561349"/>
    <trkpt lat="34.239647" lon="132.561321"/>
    <trkpt lat="34.239619" lon="132.561293"/>
    <trkpt lat="34.239592" lon="132.561264"/>
    <trkpt lat="34.239564" lon="132.561237"/>
    <trkpt lat="34.239536" lon="132.561209"/>
    <trkpt lat="34.239509" lon="132.561181"/>
    <trkpt lat="34.239481" lon="132.561152"/>
    <trkpt lat="34.239454" lon="132.561124"/>
    <trkpt lat="34.239426" lon="132.561097"/>
    <trkpt lat="34.239399" lon="132.561069"/>
    <trkpt lat="34.239371" lon="132.561041"/>
    <trkpt lat="34.239344" lon="132.561012"/>
    <trkpt lat="34.239316" lon="132.560984"/>
    <trkpt lat="34.239289" lon="132.560956"/>
    <trkpt lat="34.239261" lon="132.560928"/>
    <trkpt lat="34.239234" lon="132.560899"/>
    <trkpt lat="34.239206" lon="132.560871"/>
    <trkpt lat="34.239179" lon="132.560843"/>
    <trkpt lat="34.239152" lon="132.560815"/>
    <trkpt lat="34.239124" lon="132.560786"/>
    <trkpt lat="34.239097" lon="132.560758"/>
    <trkpt lat="34.23907" lon="132.560729"/>
    <trkpt lat="34.239043" lon="132.5607"/>
    <trkpt lat="34.239016" lon="132.560672"/>
    <trkpt lat="34.238989" lon="132.560643"/>
    <trkpt lat="34.238962" lon="132.560615"/>
    <trkpt lat="34.238935" lon="132.560586"/>
    <trkpt lat="34.238907" lon="132.560558"/>
    <trkpt lat="34.23888" lon="132.56053"/>
    <trkpt lat="34.238852" lon="132.560502"/>
    <trkpt lat="34.238825" lon="132.560473"/>
    <trkpt lat="34.238797" lon="132.560446"/>
    <trkpt lat="34.238769" lon="132.560419"/>
    <trkpt lat="34.238741" lon="132.560391"/>
    <trkpt lat="34.238713" lon="132.560364"/>
    <trkpt lat="34.238685" lon="132.560336"/>
    <trkpt lat="34.238657" lon="132.560309"/>
    <trkpt lat="34.238629" lon="132.560282"/>
    <trkpt lat="34.238601" lon="132.560255"/>
    <trkpt lat="34.238573" lon="132.560228"/>
    <trkpt lat="34.238544" lon="132.560201"/>
    <trkpt lat="34.238516" lon="132.560173"/>
    <trkpt lat="34.238487" lon="132.560147"/>
    <trkpt lat="34.238459" lon="132.56012"/>
    <trkpt lat="34.23843" lon="132.560095"/>
    <trkpt lat="34.2384" lon="132.56007"/>
    <trkpt lat="34.238369" lon="132.560047"/>
    <trkpt lat="34.238338" lon="132.560027"/>
    <trkpt lat="34.238304" lon="132.56001"/>
    <trkpt lat="34.23827" lon="132.559998"/>
    <trkpt lat="34.238234" lon="132.559995"/>
    <trkpt lat="34.238198" lon="132.56"/>
    <trkpt lat="34.238164" lon="132.560011"/>
    <trkpt lat="34.238131" lon="132.56003"/>
    <trkpt lat="34.238101" lon="132.560054"/>
    <trkpt lat="34.238072" lon="132.56008"/>
    <trkpt lat="34.238045" lon="132.560108"/>
    <trkpt lat="34.238019" lon="132.560138"/>
    <trkpt lat="34.237993" lon="132.560169"/>
    <trkpt lat="34.237968" lon="132.560201"/>
    <trkpt lat="34.237944" lon="132.560232"/>
    <trkpt lat="34.237919" lon="132.560265"/>
    <trkpt lat="34.237895" lon="132.560297"/>
    <trkpt lat="34.237872" lon="132.560329"/>
    <trkpt lat="34.237847" lon="132.560361"/>
    <trkpt lat="34.237824" lon="132.560394"/>
    <trkpt lat="34.2378" lon="132.560427"/>
    <trkpt lat="34.237776" lon="132.560459"/>
    <trkpt lat="34.237752" lon="132.560492"/>
    <trkpt lat="34.237728" lon="132.560524"/>
    <trkpt lat="34.237705" lon="132.560558"/>
    <trkpt lat="34.237681" lon="132.560591"/>
    <trkpt lat="34.237657" lon="132.560623"/>
    <trkpt lat="34.237634" lon="132.560657"/>
    <trkpt lat="34.23761" lon="132.56069"/>
    <trkpt lat="34.237587" lon="132.560722"/>
    <trkpt lat="34.237563" lon="132.560756"/>
    <trkpt lat="34.23754" lon="132.560788"/>
    <trkpt lat="34.237517" lon="132.560821"/>
    <trkpt lat="34.237493" lon="132.560854"/>
    <trkpt lat="34.23747" lon="132.560887"/>
    <trkpt lat="34.237445" lon="132.56092"/>
    <trkpt lat="34.237422" lon="132.560953"/>
    <trkpt lat="34.237398" lon="132.560985"/>
    <trkpt lat="34.237374" lon="132.561018"/>
    <trkpt lat="34.237351" lon="132.56105"/>
    <trkpt lat="34.237327" lon="132.561083"/>
    <trkpt lat="34.237304" lon="132.561117"/>
    <trkpt lat="34.23728" lon="132.561149"/>
    <trkpt lat="34.237256" lon="132.561182"/>
    <trkpt lat="34.237233" lon="132.561216"/>
    <trkpt lat="34.237209" lon="132.561247"/>
    <trkpt lat="34.237184" lon="132.56128"/>
    <trkpt lat="34.237159" lon="132.56131"/>
    <trkpt lat="34.237133" lon="132.56134"/>
    <trkpt lat="34.237106" lon="132.561369"/>
    <trkpt lat="34.237078" lon="132.561396"/>
    <trkpt lat="34.237048" lon="132.56142"/>
    <trkpt lat="34.237016" lon="132.561443"/>
    <trkpt lat="34.236985" lon="132.561462"/>
    <trkpt lat="34.236951" lon="132.56148"/>
    <trkpt lat="34.236917" lon="132.561495"/>
    <trkpt lat="34.236883" lon="132.561507"/>
    <trkpt lat="34.236848" lon="132.561517"/>
    <trkpt lat="34.236813" lon="132.561525"/>
    <trkpt lat="34.236777" lon="132.56153"/>
    <trkpt lat="34.236741" lon="132.561533"/>
    <trkpt lat="34.236704" lon="132.561533"/>
    <trkpt lat="34.236668" lon="132.561531"/>
    <trkpt lat="34.236633" lon="132.561526"/>
    <trkpt lat="34.236597" lon="132.561519"/>
    <trkpt lat="34.236562" lon="132.561509"/>
    <trkpt lat="34.236527" lon="132.561498"/>
    <trkpt lat="34.236493" lon="132.561486"/>
    <trkpt lat="34.236458" lon="132.561472"/>
    <trkpt lat="34.236425" lon="132.561457"/>
    <trkpt lat="34.236392" lon="132.56144"/>
    <trkpt lat="34.236358" lon="132.561423"/>
    <trkpt lat="34.236325" lon="132.561406"/>
    <trkpt lat="34.236293" lon="132.561387"/>
    <trkpt lat="34.23626" lon="132.561368"/>
    <trkpt lat="34.236229" lon="132.561348"/>
    <trkpt lat="34.236196" lon="132.561329"/>
    <trkpt lat="34.236165" lon="132.561308"/>
    <trkpt lat="34.236132" lon="132.561287"/>
    <trkpt lat="34.236101" lon="132.561267"/>
    <trkpt lat="34.236069" lon="132.561247"/>
    <trkpt lat="34.236037" lon="132.561227"/>
    <trkpt lat="34.236004" lon="132.561208"/>
    <trkpt lat="34.235972" lon="132.561189"/>
    <trkpt lat="34.235938" lon="132.561172"/>
    <trkpt lat="34.235906" lon="132.561155"/>
    <trkpt lat="34.235873" lon="132.561137"/>
    <trkpt lat="34.235838" lon="132.561122"/>
    <trkpt lat="34.235805" lon="132.561107"/>
    <trkpt lat="34.235771" lon="132.561093"/>
    <trkpt lat="34.235736" lon="132.56108"/>
    <trkpt lat="34.235701" lon="132.561068"/>
    <trkpt lat="34.235667" lon="132.561057"/>
    <trkpt lat="34.235632" lon="132.561047"/>
    <trkpt lat="34.235597" lon="132.561038"/>
    <trkpt lat="34.235561" lon="132.561032"/>
    <trkpt lat="34.235525" lon="132.561028"/>
    <trkpt lat="34.235489" lon="132.561023"/>
    <trkpt lat="34.235453" lon="132.561021"/>
    <trkpt lat="34.235417" lon="132.56102"/>
    <trkpt lat="34.235381" lon="132.56102"/>
    <trkpt lat="34.235345" lon="132.56102"/>
    <trkpt lat="34.235309" lon="132.561021"/>
    <trkpt lat="34.235273" lon="132.561022"/>
    <trkpt lat="34.235237" lon="132.561023"/>
    <trkpt lat="34.235201" lon="132.561025"/>
    <trkpt lat="34.235165" lon="132.561026"/>
    <trkpt lat="34.235129" lon="132.561029"/>
    <trkpt lat="34.235093" lon="132.56103"/>
    <trkpt lat="34.235057" lon="132.561031"/>
    <trkpt lat="34.235021" lon="132.561033"/>
    <trkpt lat="34.234985" lon="132.561035"/>
    <trkpt lat="34.234949" lon="132.561038"/>
    <trkpt lat="34.234913" lon="132.561042"/>
    <trkpt lat="34.234877" lon="132.561046"/>
    <trkpt lat="34.234841" lon="132.56105"/>
    <trkpt lat="34.234805" lon="132.561055"/>
    <trkpt lat="34.234769" lon="132.561059"/>
    <trkpt lat="34.234733" lon="132.561063"/>
    <trkpt lat="34.234697" lon="132.561068"/>
    <trkpt lat="34.234661" lon="132.561073"/>
    <trkpt lat="34.234626" lon="132.561078"/>
    <trkpt lat="34.23459" lon="132.561082"/>
    <trkpt lat="34.234554" lon="132.561086"/>
    <trkpt lat="34.234518" lon="132.561091"/>
    <trkpt lat="34.234483" lon="132.561096"/>
    <trkpt lat="34.234447" lon="132.5611"/>
    <trkpt lat="34.234411" lon="132.561105"/>
    <trkpt lat="34.234375" lon="132.561109"/>
    <trkpt lat="34.234339" lon="132.561112"/>
    <trkpt lat="34.234302" lon="132.561117"/>
    <trkpt lat="34.234267" lon="132.56112"/>
    <trkpt lat="34.234231" lon="132.561122"/>
    <trkpt lat="34.234195" lon="132.561123"/>
    <trkpt lat="34.234159" lon="132.561124"/>
    <trkpt lat="34.234123" lon="132.561123"/>
    <trkpt lat="34.234087" lon="132.561122"/>
    <trkpt lat="34.234051" lon="132.56112"/>
    <trkpt lat="34.234015" lon="132.561118"/>
    <trkpt lat="34.233979" lon="132.561114"/>
    <trkpt lat="34.233943" lon="132.561111"/>
    <trkpt lat="34.233907" lon="132.561107"/>
    <trkpt lat="34.233871" lon="132.561103"/>
    <trkpt lat="34.233836" lon="132.561097"/>
    <trkpt lat="34.2338" lon="132.561092"/>
    <trkpt lat="34.233764" lon="132.561084"/>
    <trkpt lat="34.233728" lon="132.561076"/>
    <trkpt lat="34.233693" lon="132.561067"/>
    <trkpt lat="34.233658" lon="132.561057"/>
    <trkpt lat="34.233624" lon="132.561045"/>
    <trkpt lat="34.233589" lon="132.561033"/>
    <trkpt lat="34.233554" lon="132.561021"/>
    <trkpt lat="34.23352" lon="132.561009"/>
    <trkpt lat="34.233485" lon="132.560996"/>
    <trkpt lat="34.233451" lon="132.560983"/>
    <trkpt lat="34.233416" lon="132.56097"/>
    <trkpt lat="34.233382" lon="132.560957"/>
    <trkpt lat="34.233348" lon="132.560944"/>
    <trkpt lat="34.233313" lon="132.560931"/>
    <trkpt lat="34.233279" lon="132.560918"/>
    <trkpt lat="34.233244" lon="132.560905"/>
    <trkpt lat="34.23321" lon="132.560892"/>
    <trkpt lat="34.233176" lon="132.560879"/>
    <trkpt lat="34.233142" lon="132.560867"/>
    <trkpt lat="34.233106" lon="132.560854"/>
    <trkpt lat="34.233072" lon="132.560842"/>
    <trkpt lat="34.233038" lon="132.560829"/>
    <trkpt lat="34.233003" lon="132.560817"/>
    <trkpt lat="34.232969" lon="132.560804"/>
    <trkpt lat="34.232934" lon="132.560791"/>
    <trkpt lat="34.2329" lon="132.560778"/>
    <trkpt lat="34.232866" lon="132.560765"/>
    <trkpt lat="34.232832" lon="132.56075"/>
    <trkpt lat="34.232797" lon="132.560736"/>
    <trkpt lat="34.232763" lon="132.560722"/>
    <trkpt lat="34.23273" lon="132.560707"/>
    <trkpt lat="34.232695" lon="132.560692"/>
    <trkpt lat="34.232662" lon="132.560677"/>
    <trkpt lat="34.232628" lon="132.560661"/>
    <trkpt lat="34.232595" lon="132.560645"/>
    <trkpt lat="34.232561" lon="132.560628"/>
    <trkpt lat="34.232528" lon="132.560611"/>
    <trkpt lat="34.232495" lon="132.560594"/>
    <trkpt lat="34.232462" lon="132.560575"/>
    <trkpt lat="34.23243" lon="132.560558"/>
    <trkpt lat="34.232397" lon="132.560539"/>
    <trkpt lat="34.232365" lon="132.56052"/>
    <trkpt lat="34.232332" lon="132.5605"/>
    <trkpt lat="34.232301" lon="132.56048"/>
    <trkpt lat="34.232268" lon="132.56046"/>
    <trkpt lat="34.232237" lon="132.560439"/>
    <trkpt lat="34.232206" lon="132.560417"/>
    <trkpt lat="34.232174" lon="132.560395"/>
    <trkpt lat="34.232144" lon="132.560372"/>
    <trkpt lat="34.232113" lon="132.560349"/>
    <trkpt lat="34.232083" lon="132.560326"/>
    <trkpt lat="34.232053" lon="132.560302"/>
    <trkpt lat="34.232023" lon="132.560278"/>
    <trkpt lat="34.231993" lon="132.560254"/>
    <trkpt lat="34.231964" lon="132.560229"/>
    <trkpt lat="34.231933" lon="132.560205"/>
    <trkpt lat="34.231903" lon="132.560181"/>
    <trkpt lat="34.231873" lon="132.560158"/>
    <trkpt lat="34.231842" lon="132.560135"/>
    <trkpt lat="34.231811" lon="132.560113"/>
    <trkpt lat="34.23178" lon="132.560091"/>
    <trkpt lat="34.231749" lon="132.560069"/>
    <trkpt lat="34.231718" lon="132.560047"/>
    <trkpt lat="34.231686" lon="132.560026"/>
    <trkpt lat="34.231654" lon="132.560004"/>
    <trkpt lat="34.231624" lon="132.559982"/>
    <trkpt lat="34.231593" lon="132.55996"/>
    <trkpt lat="34.231563" lon="132.559938"/>
    <trkpt lat="34.231532" lon="132.559914"/>
    <trkpt lat="34.231502" lon="132.559889"/>
    <trkpt lat="34.231473" lon="132.559864"/>
    <trkpt lat="34.231444" lon="132.559837"/>
    <trkpt lat="34.231416" lon="132.55981"/>
    <trkpt lat="34.231388" lon="132.559782"/>
    <trkpt lat="34.231361" lon="132.559755"/>
    <trkpt lat="34.231334" lon="132.559727"/>
    <trkpt lat="34.231307" lon="132.559697"/>
    <trkpt lat="34.231279" lon="132.559668"/>
    <trkpt lat="34.231252" lon="132.559639"/>
    <trkpt lat="34.231226" lon="132.559609"/>
    <trkpt lat="34.2312" lon="132.559579"/>
    <trkpt lat="34.231174" lon="132.559549"/>
    <trkpt lat="34.231149" lon="132.559519"/>
    <trkpt lat="34.231123" lon="132.559489"/>
    <trkpt lat="34.231097" lon="132.559457"/>
    <trkpt lat="34.231071" lon="132.559427"/>
    <trkpt lat="34.231046" lon="132.559396"/>
    <trkpt lat="34.231021" lon="132.559366"/>
    <trkpt lat="34.230996" lon="132.559334"/>
    <trkpt lat="34.230969" lon="132.559304"/>
    <trkpt lat="34.230944" lon="132.559274"/>
    <trkpt lat="34.230919" lon="132.559242"/>
    <trkpt lat="34.230894" lon="132.559211"/>
    <trkpt lat="34.230868" lon="132.55918"/>
    <trkpt lat="34.230844" lon="132.559149"/>
    <trkpt lat="34.230819" lon="132.559117"/>
    <trkpt lat="34.230795" lon="132.559086"/>
    <trkpt lat="34.230769" lon="132.559054"/>
    <trkpt lat="34.230745" lon="132.559021"/>
    <trkpt lat="34.230721" lon="132.55899"/>
    <trkpt lat="34.230695" lon="132.558958"/>
    <trkpt lat="34.230671" lon="132.558927"/>
    <trkpt lat="34.230646" lon="132.558895"/>
    <trkpt lat="34.230621" lon="132.558865"/>
    <trkpt lat="34.230595" lon="132.558833"/>
    <trkpt lat="34.23057" lon="132.558803"/>
    <trkpt lat="34.230545" lon="132.558772"/>
    <trkpt lat="34.230519" lon="132.558742"/>
    <trkpt lat="34.230493" lon="132.558712"/>
    <trkpt lat="34.230467" lon="132.558682"/>
    <trkpt lat="34.230439" lon="132.558653"/>
    <trkpt lat="34.230412" lon="132.558624"/>
    <trkpt lat="34.230384" lon="132.558597"/>
    <trkpt lat="34.230357" lon="132.558568"/>
    <trkpt lat="34.230329" lon="132.558541"/>
    <trkpt lat="34.2303" lon="132.558515"/>
    <trkpt lat="34.230271" lon="132.558489"/>
    <trkpt lat="34.230242" lon="132.558464"/>
    <trkpt lat="34.230212" lon="132.558439"/>
    <trkpt lat="34.230183" lon="132.558414"/>
    <trkpt lat="34.230153" lon="132.558389"/>
    <trkpt lat="34.230123" lon="132.558365"/>
    <trkpt lat="34.230092" lon="132.558342"/>
    <trkpt lat="34.230062" lon="132.558319"/>
    <trkpt lat="34.230031" lon="132.558297"/>
    <trkpt lat="34.23" lon="132.558276"/>
    <trkpt lat="34.229967" lon="132.558255"/>
    <trkpt lat="34.229936" lon="132.558236"/>
    <trkpt lat="34.229903" lon="132.558216"/>
    <trkpt lat="34.229872" lon="132.558196"/>
    <trkpt lat="34.22984" lon="132.558175"/>
    <trkpt lat="34.229809" lon="132.558152"/>
    <trkpt lat="34.229778" lon="132.558129"/>
    <trkpt lat="34.229748" lon="132.558106"/>
    <trkpt lat="34.229718" lon="132.558081"/>
    <trkpt lat="34.229688" lon="132.558058"/>
    <trkpt lat="34.229658" lon="132.558034"/>
    <trkpt lat="34.229627" lon="132.558011"/>
    <trkpt lat="34.229597" lon="132.557988"/>
    <trkpt lat="34.229565" lon="132.557967"/>
    <trkpt lat="34.229533" lon="132.557948"/>
    <trkpt lat="34.2295" lon="132.557928"/>
    <trkpt lat="34.229468" lon="132.55791"/>
    <trkpt lat="34.229435" lon="132.557891"/>
    <trkpt lat="34.229403" lon="132.557872"/>
    <trkpt lat="34.229371" lon="132.557851"/>
    <trkpt lat="34.22934" lon="132.557829"/>
    <trkpt lat="34.229309" lon="132.557808"/>
    <trkpt lat="34.229279" lon="132.557784"/>
    <trkpt lat="34.22925" lon="132.557759"/>
    <trkpt lat="34.229221" lon="132.557733"/>
    <trkpt lat="34.229192" lon="132.557705"/>
    <trkpt lat="34.229164" lon="132.557678"/>
    <trkpt lat="34.229137" lon="132.55765"/>
    <trkpt lat="34.22911" lon="132.557621"/>
    <trkpt lat="34.229084" lon="132.55759"/>
    <trkpt lat="34.229058" lon="132.557561"/>
    <trkpt lat="34.229033" lon="132.557529"/>
    <trkpt lat="34.229008" lon="132.557498"/>
    <trkpt lat="34.228984" lon="132.557466"/>
    <trkpt lat="34.22896" lon="132.557434"/>
    <trkpt lat="34.228936" lon="132.5574"/>
    <trkpt lat="34.228914" lon="132.557366"/>
    <trkpt lat="34.228892" lon="132.557332"/>
    <trkpt lat="34.22887" lon="132.557297"/>
    <trkpt lat="34.22885" lon="132.557261"/>
    <trkpt lat="34.22883" lon="132.557225"/>
    <trkpt lat="34.228811" lon="132.557188"/>
    <trkpt lat="34.228793" lon="132.55715"/>
    <trkpt lat="34.228775" lon="132.557112"/>
    <trkpt lat="34.228759" lon="132.557074"/>
    <trkpt lat="34.228742" lon="132.557035"/>
    <trkpt lat="34.228726" lon="132.556996"/>
    <trkpt lat="34.228711" lon="132.556957"/>
    <trkpt lat="34.228695" lon="132.556918"/>
    <trkpt lat="34.228679" lon="132.55688"/>
    <trkpt lat="34.228663" lon="132.55684"/>
    <trkpt lat="34.228646" lon="132.556801"/>
    <trkpt lat="34.228629" lon="132.556763"/>
    <trkpt lat="34.228611" lon="132.556726"/>
    <trkpt lat="34.228593" lon="132.556688"/>
    <trkpt lat="34.228575" lon="132.556651"/>
    <trkpt lat="34.228556" lon="132.556613"/>
    <trkpt lat="34.228536" lon="132.556577"/>
    <trkpt lat="34.228517" lon="132.556541"/>
    <trkpt lat="34.228496" lon="132.556505"/>
    <trkpt lat="34.228476" lon="132.556469"/>
    <trkpt lat="34.228454" lon="132.556435"/>
    <trkpt lat="34.22843" lon="132.556401"/>
    <trkpt lat="34.228407" lon="132.556369"/>
    <trkpt lat="34.228383" lon="132.556336"/>
    <trkpt lat="34.228357" lon="132.556306"/>
    <trkpt lat="34.22833" lon="132.556276"/>
    <trkpt lat="34.228303" lon="132.556248"/>
    <trkpt lat="34.228275" lon="132.55622"/>
    <trkpt lat="34.228247" lon="132.556192"/>
    <trkpt lat="34.22822" lon="132.556165"/>
    <trkpt lat="34.228193" lon="132.556137"/>
    <trkpt lat="34.228165" lon="132.556109"/>
    <trkpt lat="34.228137" lon="132.556081"/>
    <trkpt lat="34.22811" lon="132.556053"/>
    <trkpt lat="34.228083" lon="132.556024"/>
    <trkpt lat="34.228056" lon="132.555995"/>
    <trkpt lat="34.228028" lon="132.555967"/>
    <trkpt lat="34.228001" lon="132.555937"/>
    <trkpt lat="34.227974" lon="132.555909"/>
    <trkpt lat="34.227947" lon="132.55588"/>
    <trkpt lat="34.227921" lon="132.55585"/>
    <trkpt lat="34.227894" lon="132.555821"/>
    <trkpt lat="34.227868" lon="132.555792"/>
    <trkpt lat="34.227842" lon="132.555761"/>
    <trkpt lat="34.227817" lon="132.555731"/>
    <trkpt lat="34.227791" lon="132.555699"/>
    <trkpt lat="34.227766" lon="132.555669"/>
    <trkpt lat="34.227741" lon="132.555637"/>
    <trkpt lat="34.227716" lon="132.555607"/>
    <trkpt lat="34.22769" lon="132.555576"/>
    <trkpt lat="34.227665" lon="132.555544"/>
    <trkpt lat="34.227641" lon="132.555513"/>
    <trkpt lat="34.227617" lon="132.55548"/>
    <trkpt lat="34.227592" lon="132.555447"/>
    <trkpt lat="34.22757" lon="132.555415"/>
    <trkpt lat="34.227548" lon="132.555379"/>
    <trkpt lat="34.227528" lon="132.555343"/>
    <trkpt lat="34.22751" lon="132.555305"/>
    <trkpt lat="34.227494" lon="132.555267"/>
    <trkpt lat="34.22748" lon="132.555227"/>
    <trkpt lat="34.227466" lon="132.555187"/>
    <trkpt lat="34.227455" lon="132.555145"/>
    <trkpt lat="34.227445" lon="132.555103"/>
    <trkpt lat="34.227436" lon="132.555062"/>
    <trkpt lat="34.22743" lon="132.555018"/>
    <trkpt lat="34.227426" lon="132.554976"/>
    <trkpt lat="34.227422" lon="132.554932"/>
    <trkpt lat="34.22742" lon="132.554889"/>
    <trkpt lat="34.22742" lon="132.554845"/>
    <trkpt lat="34.227421" lon="132.554802"/>
    <trkpt lat="34.227424" lon="132.554758"/>
    <trkpt lat="34.227428" lon="132.554715"/>
    <trkpt lat="34.227433" lon="132.554672"/>
    <trkpt lat="34.22744" lon="132.554629"/>
    <trkpt lat="34.227447" lon="132.554587"/>
    <trkpt lat="34.227456" lon="132.554545"/>
    <trkpt lat="34.227467" lon="132.554503"/>
    <trkpt lat="34.227479" lon="132.554462"/>
    <trkpt lat="34.227492" lon="132.554421"/>
    <trkpt lat="34.227507" lon="132.554382"/>
    <trkpt lat="34.227523" lon="132.554343"/>
    <trkpt lat="34.227541" lon="132.554305"/>
    <trkpt lat="34.22756" lon="132.554268"/>
    <trkpt lat="34.227579" lon="132.554231"/>
    <trkpt lat="34.227599" lon="132.554195"/>
    <trkpt lat="34.227619" lon="132.55416"/>
    <trkpt lat="34.22764" lon="132.554124"/>
    <trkpt lat="34.227661" lon="132.554088"/>
    <trkpt lat="34.227681" lon="132.554052"/>
    <trkpt lat="34.2277" lon="132.554016"/>
    <trkpt lat="34.22772" lon="132.553979"/>
    <trkpt lat="34.227739" lon="132.553942"/>
    <trkpt lat="34.227757" lon="132.553905"/>
    <trkpt lat="34.227776" lon="132.553867"/>
    <trkpt lat="34.227794" lon="132.55383"/>
    <trkpt lat="34.227812" lon="132.553792"/>
    <trkpt lat="34.22783" lon="132.553755"/>
    <trkpt lat="34.227849" lon="132.553718"/>
    <trkpt lat="34.227867" lon="132.55368"/>
    <trkpt lat="34.227886" lon="132.553643"/>
    <trkpt lat="34.227905" lon="132.553606"/>
    <trkpt lat="34.227924" lon="132.553569"/>
    <trkpt lat="34.227943" lon="132.553533"/>
    <trkpt lat="34.227962" lon="132.553496"/>
    <trkpt lat="34.227981" lon="132.553459"/>
    <trkpt lat="34.228001" lon="132.553422"/>
    <trkpt lat="34.228019" lon="132.553386"/>
    <trkpt lat="34.228039" lon="132.553349"/>
    <trkpt lat="34.228059" lon="132.553313"/>
    <trkpt lat="34.22808" lon="132.553277"/>
    <trkpt lat="34.228101" lon="132.553241"/>
    <trkpt lat="34.228121" lon="132.553205"/>
    <trkpt lat="34.228142" lon="132.55317"/>
    <trkpt lat="34.228163" lon="132.553135"/>
    <trkpt lat="34.228184" lon="132.553099"/>
    <trkpt lat="34.228203" lon="132.553063"/>
    <trkpt lat="34.228223" lon="132.553026"/>
    <trkpt lat="34.228242" lon="132.552989"/>
    <trkpt lat="34.22826" lon="132.552952"/>
    <trkpt lat="34.228277" lon="132.552913"/>
    <trkpt lat="34.228293" lon="132.552875"/>
    <trkpt lat="34.228309" lon="132.552836"/>
    <trkpt lat="34.228323" lon="132.552796"/>
    <trkpt lat="34.228337" lon="132.552756"/>
    <trkpt lat="34.228349" lon="132.552714"/>
    <trkpt lat="34.22836" lon="132.552673"/>
    <trkpt lat="34.228371" lon="132.552632"/>
    <trkpt lat="34.22838" lon="132.552589"/>
    <trkpt lat="34.228387" lon="132.552547"/>
    <trkpt lat="34.228394" lon="132.552505"/>
    <trkpt lat="34.228399" lon="132.552461"/>
    <trkpt lat="34.228403" lon="132.552418"/>
    <trkpt lat="34.228404" lon="132.552374"/>
    <trkpt lat="34.228405" lon="132.552331"/>
    <trkpt lat="34.228403" lon="132.552287"/>
    <trkpt lat="34.228402" lon="132.552245"/>
    <trkpt lat="34.228397" lon="132.552201"/>
    <trkpt lat="34.228393" lon="132.552158"/>
    <trkpt lat="34.228385" lon="132.552115"/>
    <trkpt lat="34.228377" lon="132.552073"/>
    <trkpt lat="34.228366" lon="132.552032"/>
    <trkpt lat="34.228355" lon="132.551991"/>
    <trkpt lat="34.228341" lon="132.55195"/>
    <trkpt lat="34.228326" lon="132.551911"/>
    <trkpt lat="34.228309" lon="132.551873"/>
    <trkpt lat="34.22829" lon="132.551835"/>
    <trkpt lat="34.22827" lon="132.551799"/>
    <trkpt lat="34.22825" lon="132.551763"/>
    <trkpt lat="34.228228" lon="132.551729"/>
    <trkpt lat="34.228206" lon="132.551695"/>
    <trkpt lat="34.228183" lon="132.551661"/>
    <trkpt lat="34.228158" lon="132.551629"/>
    <trkpt lat="34.228134" lon="132.551597"/>
    <trkpt lat="34.228109" lon="132.551567"/>
    <trkpt lat="34.228083" lon="132.551536"/>
    <trkpt lat="34.228056" lon="132.551506"/>
    <trkpt lat="34.22803" lon="132.551477"/>
    <trkpt lat="34.228003" lon="132.551447"/>
    <trkpt lat="34.227976" lon="132.551418"/>
    <trkpt lat="34.227949" lon="132.55139"/>
    <trkpt lat="34.227922" lon="132.55136"/>
    <trkpt lat="34.227895" lon="132.551332"/>
    <trkpt lat="34.227868" lon="132.551304"/>
    <trkpt lat="34.227841" lon="132.551275"/>
    <trkpt lat="34.227814" lon="132.551246"/>
    <trkpt lat="34.227786" lon="132.551218"/>
    <trkpt lat="34.227759" lon="132.55119"/>
    <trkpt lat="34.227732" lon="132.551161"/>
    <trkpt lat="34.227704" lon="132.551133"/>
    <trkpt lat="34.227677" lon="132.551105"/>
    <trkpt lat="34.227649" lon="132.551077"/>
    <trkpt lat="34.227622" lon="132.551048"/>
    <trkpt lat="34.227594" lon="132.551021"/>
    <trkpt lat="34.227567" lon="132.550993"/>
    <trkpt lat="34.227539" lon="132.550966"/>
    <trkpt lat="34.227511" lon="132.550938"/>
    <trkpt lat="34.227482" lon="132.550911"/>
    <trkpt lat="34.227453" lon="132.550884"/>
    <trkpt lat="34.227425" lon="132.550859"/>
    <trkpt lat="34.227395" lon="132.550834"/>
    <trkpt lat="34.227364" lon="132.55081"/>
    <trkpt lat="34.227334" lon="132.550789"/>
    <trkpt lat="34.227302" lon="132.550768"/>
    <trkpt lat="34.22727" lon="132.55075"/>
    <trkpt lat="34.227236" lon="132.550731"/>
    <trkpt lat="34.227203" lon="132.550715"/>
    <trkpt lat="34.22717" lon="132.550701"/>
    <trkpt lat="34.227135" lon="132.550686"/>
    <trkpt lat="34.227101" lon="132.550672"/>
    <trkpt lat="34.227067" lon="132.550659"/>
    <trkpt lat="34.227033" lon="132.550645"/>
    <trkpt lat="34.226998" lon="132.55063"/>
    <trkpt lat="34.226965" lon="132.550615"/>
    <trkpt lat="34.226932" lon="132.550597"/>
    <trkpt lat="34.226899" lon="132.550579"/>
    <trkpt lat="34.226868" lon="132.550558"/>
    <trkpt lat="34.226836" lon="132.550537"/>
    <trkpt lat="34.226806" lon="132.550513"/>
    <trkpt lat="34.226777" lon="132.550489"/>
    <trkpt lat="34.226747" lon="132.550463"/>
    <trkpt lat="34.226719" lon="132.550437"/>
    <trkpt lat="34.22669" lon="132.550409"/>
    <trkpt lat="34.226662" lon="132.550382"/>
    <trkpt lat="34.226634" lon="132.550354"/>
    <trkpt lat="34.226607" lon="132.550327"/>
    <trkpt lat="34.226579" lon="132.550299"/>
    <trkpt lat="34.226552" lon="132.55027"/>
    <trkpt lat="34.226524" lon="132.550242"/>
    <trkpt lat="34.226496" lon="132.550214"/>
    <trkpt lat="34.226469" lon="132.550187"/>
    <trkpt lat="34.226441" lon="132.550158"/>
    <trkpt lat="34.226414" lon="132.55013"/>
    <trkpt lat="34.226386" lon="132.550102"/>
    <trkpt lat="34.226359" lon="132.550074"/>
    <trkpt lat="34.226331" lon="132.550045"/>
    <trkpt lat="34.226304" lon="132.550017"/>
    <trkpt lat="34.226276" lon="132.54999"/>
    <trkpt lat="34.226248" lon="132.549962"/>
    <trkpt lat="34.226221" lon="132.549934"/>
    <trkpt lat="34.226193" lon="132.549906"/>
    <trkpt lat="34.226165" lon="132.549878"/>
    <trkpt lat="34.226138" lon="132.549851"/>
    <trkpt lat="34.226111" lon="132.549823"/>
    <trkpt lat="34.226083" lon="132.549794"/>
    <trkpt lat="34.226056" lon="132.549766"/>
    <trkpt lat="34.226028" lon="132.549738"/>
    <trkpt lat="34.226001" lon="132.54971"/>
    <trkpt lat="34.225974" lon="132.549681"/>
    <trkpt lat="34.225946" lon="132.549653"/>
    <trkpt lat="34.225919" lon="132.549625"/>
    <trkpt lat="34.225891" lon="132.549597"/>
    <trkpt lat="34.225864" lon="132.549568"/>
    <trkpt lat="34.225837" lon="132.54954"/>
    <trkpt lat="34.225809" lon="132.549512"/>
    <trkpt lat="34.225782" lon="132.549484"/>
    <trkpt lat="34.225754" lon="132.549455"/>
    <trkpt lat="34.225727" lon="132.549427"/>
    <trkpt lat="34.225699" lon="132.5494"/>
    <trkpt lat="34.225672" lon="132.549372"/>
    <trkpt lat="34.225644" lon="132.549343"/>
    <trkpt lat="34.225617" lon="132.549315"/>
    <trkpt lat="34.225589" lon="132.549287"/>
    <trkpt lat="34.225562" lon="132.549259"/>
    <trkpt lat="34.225534" lon="132.549231"/>
    <trkpt lat="34.225507" lon="132.549203"/>
    <trkpt lat="34.225479" lon="132.549175"/>
    <trkpt lat="34.225452" lon="132.549147"/>
    <trkpt lat="34.225424" lon="132.549118"/>
    <trkpt lat="34.225397" lon="132.54909"/>
    <trkpt lat="34.225369" lon="132.549062"/>
    <trkpt lat="34.225342" lon="132.549034"/>
    <trkpt lat="34.225314" lon="132.549005"/>
    <trkpt lat="34.225287" lon="132.548977"/>
    <trkpt lat="34.22526" lon="132.548948"/>
    <trkpt lat="34.225234" lon="132.54892"/>
    <trkpt lat="34.225206" lon="132.548889"/>
    <trkpt lat="34.22518" lon="132.54886"/>
    <trkpt lat="34.225155" lon="132.548829"/>
    <trkpt lat="34.22513" lon="132.548798"/>
    <trkpt lat="34.225106" lon="132.548765"/>
    <trkpt lat="34.225082" lon="132.548733"/>
    <trkpt lat="34.22506" lon="132.548698"/>
    <trkpt lat="34.225039" lon="132.548663"/>
    <trkpt lat="34.225019" lon="132.548627"/>
    <trkpt lat="34.225" lon="132.548589"/>
    <trkpt lat="34.224983" lon="132.548551"/>
    <trkpt lat="34.224968" lon="132.548512"/>
    <trkpt lat="34.224953" lon="132.548472"/>
    <trkpt lat="34.224941" lon="132.548432"/>
    <trkpt lat="34.22493" lon="132.54839"/>
    <trkpt lat="34.22492" lon="132.548348"/>
    <trkpt lat="34.224913" lon="132.548306"/>
    <trkpt lat="34.224906" lon="132.548263"/>
    <trkpt lat="34.224902" lon="132.54822"/>
    <trkpt lat="34.224898" lon="132.548176"/>
    <trkpt lat="34.224897" lon="132.548133"/>
    <trkpt lat="34.224897" lon="132.548089"/>
    <trkpt lat="34.224898" lon="132.548046"/>
    <trkpt lat="34.224901" lon="132.548003"/>
    <trkpt lat="34.224905" lon="132.54796"/>
    <trkpt lat="34.22491" lon="132.547916"/>
    <trkpt lat="34.224916" lon="132.547874"/>
    <trkpt lat="34.224923" lon="132.547832"/>
    <trkpt lat="34.224931" lon="132.547788"/>
    <trkpt lat="34.224939" lon="132.547746"/>
    <trkpt lat="34.224947" lon="132.547705"/>
    <trkpt lat="34.224956" lon="132.547662"/>
    <trkpt lat="34.224965" lon="132.54762"/>
    <trkpt lat="34.224974" lon="132.547577"/>
    <trkpt lat="34.224984" lon="132.547536"/>
    <trkpt lat="34.224993" lon="132.547494"/>
    <trkpt lat="34.225003" lon="132.547452"/>
    <trkpt lat="34.225012" lon="132.54741"/>
    <trkpt lat="34.225022" lon="132.547369"/>
    <trkpt lat="34.225032" lon="132.547326"/>
    <trkpt lat="34.225042" lon="132.547284"/>
    <trkpt lat="34.225051" lon="132.547243"/>
    <trkpt lat="34.22506" lon="132.5472"/>
    <trkpt lat="34.22507" lon="132.547159"/>
    <trkpt lat="34.225079" lon="132.547117"/>
    <trkpt lat="34.225089" lon="132.547075"/>
    <trkpt lat="34.225098" lon="132.547033"/>
    <trkpt lat="34.225108" lon="132.546991"/>
    <trkpt lat="34.225117" lon="132.546949"/>
    <trkpt lat="34.225127" lon="132.546907"/>
    <trkpt lat="34.225137" lon="132.546866"/>
    <trkpt lat="34.225146" lon="132.546823"/>
    <trkpt lat="34.225156" lon="132.546782"/>
    <trkpt lat="34.225166" lon="132.54674"/>
    <trkpt lat="34.225175" lon="132.546698"/>
    <trkpt lat="34.225185" lon="132.546656"/>
    <trkpt lat="34.225195" lon="132.546614"/>
    <trkpt lat="34.225204" lon="132.546572"/>
    <trkpt lat="34.225213" lon="132.54653"/>
    <trkpt lat="34.225222" lon="132.546487"/>
    <trkpt lat="34.225231" lon="132.546446"/>
    <trkpt lat="34.22524" lon="132.546404"/>
    <trkpt lat="34.225249" lon="132.546361"/>
    <trkpt lat="34.225258" lon="132.546319"/>
    <trkpt lat="34.225266" lon="132.546278"/>
    <trkpt lat="34.225274" lon="132.546235"/>
    <trkpt lat="34.225281" lon="132.546192"/>
    <trkpt lat="34.225288" lon="132.54615"/>
    <trkpt lat="34.225293" lon="132.546106"/>
    <trkpt lat="34.225296" lon="132.546064"/>
    <trkpt lat="34.225297" lon="132.54602"/>
    <trkpt lat="34.225294" lon="132.545977"/>
    <trkpt lat="34.225287" lon="132.545933"/>
    <trkpt lat="34.225277" lon="132.545892"/>
    <trkpt lat="34.225262" lon="132.545853"/>
    <trkpt lat="34.225244" lon="132.545815"/>
    <trkpt lat="34.225225" lon="132.545778"/>
    <trkpt lat="34.225202" lon="132.545744"/>
    <trkpt lat="34.225179" lon="132.545712"/>
    <trkpt lat="34.225154" lon="132.54568"/>
    <trkpt lat="34.225128" lon="132.545649"/>
    <trkpt lat="34.225102" lon="132.545619"/>
    <trkpt lat="34.225076" lon="132.54559"/>
    <trkpt lat="34.225049" lon="132.545561"/>
    <trkpt lat="34.225023" lon="132.545531"/>
    <trkpt lat="34.224996" lon="132.545502"/>
    <trkpt lat="34.224969" lon="132.545474"/>
    <trkpt lat="34.224942" lon="132.545444"/>
    <trkpt lat="34.224914" lon="132.545416"/>
    <trkpt lat="34.224887" lon="132.545387"/>
    <trkpt lat="34.22486" lon="132.545358"/>
    <trkpt lat="34.224833" lon="132.54533"/>
    <trkpt lat="34.224806" lon="132.545301"/>
    <trkpt lat="34.224778" lon="132.545273"/>
    <trkpt lat="34.224751" lon="132.545244"/>
    <trkpt lat="34.224724" lon="132.545216"/>
    <trkpt lat="34.224697" lon="132.545188"/>
    <trkpt lat="34.22467" lon="132.545158"/>
    <trkpt lat="34.224642" lon="132.54513"/>
    <trkpt lat="34.224615" lon="132.545102"/>
    <trkpt lat="34.224588" lon="132.545073"/>
    <trkpt lat="34.224562" lon="132.545043"/>
    <trkpt lat="34.224535" lon="132.545015"/>
    <trkpt lat="34.224508" lon="132.544986"/>
    <trkpt lat="34.224481" lon="132.544956"/>
    <trkpt lat="34.224455" lon="132.544927"/>
    <trkpt lat="34.224428" lon="132.544899"/>
    <trkpt lat="34.224401" lon="132.544869"/>
    <trkpt lat="34.224374" lon="132.54484"/>
    <trkpt lat="34.224348" lon="132.544811"/>
    <trkpt lat="34.224321" lon="132.544782"/>
    <trkpt lat="34.224293" lon="132.544753"/>
    <trkpt lat="34.224266" lon="132.544725"/>
    <trkpt lat="34.224239" lon="132.544695"/>
    <trkpt lat="34.224212" lon="132.544667"/>
    <trkpt lat="34.224184" lon="132.544639"/>
    <trkpt lat="34.224157" lon="132.544611"/>
    <trkpt lat="34.224129" lon="132.544584"/>
    <trkpt lat="34.224101" lon="132.544556"/>
    <trkpt lat="34.224072" lon="132.544531"/>
    <trkpt lat="34.224042" lon="132.544506"/>
    <trkpt lat="34.224011" lon="132.544484"/>
    <trkpt lat="34.22398" lon="132.544463"/>
    <trkpt lat="34.223947" lon="132.544444"/>
    <trkpt lat="34.223914" lon="132.544428"/>
    <trkpt lat="34.22388" lon="132.544414"/>
    <trkpt lat="34.223845" lon="132.544403"/>
    <trkpt lat="34.223809" lon="132.544396"/>
    <trkpt lat="34.223773" lon="132.54439"/>
    <trkpt lat="34.223737" lon="132.544387"/>
    <trkpt lat="34.223701" lon="132.544387"/>
    <trkpt lat="34.223665" lon="132.54439"/>
    <trkpt lat="34.22363" lon="132.544396"/>
    <trkpt lat="34.223594" lon="132.544404"/>
    <trkpt lat="34.22356" lon="132.544415"/>
    <trkpt lat="34.223526" lon="132.54443"/>
    <trkpt lat="34.223492" lon="132.544448"/>
    <trkpt lat="34.223461" lon="132.544467"/>
    <trkpt lat="34.22343" lon="132.54449"/>
    <trkpt lat="34.2234" lon="132.544514"/>
    <trkpt lat="34.223371" lon="132.544541"/>
    <trkpt lat="34.223343" lon="132.544568"/>
    <trkpt lat="34.223317" lon="132.544598"/>
    <trkpt lat="34.223291" lon="132.544628"/>
    <trkpt lat="34.223266" lon="132.544659"/>
    <trkpt lat="34.223241" lon="132.54469"/>
    <trkpt lat="34.223216" lon="132.544722"/>
    <trkpt lat="34.223191" lon="132.544754"/>
    <trkpt lat="34.223167" lon="132.544786"/>
    <trkpt lat="34.223142" lon="132.544818"/>
    <trkpt lat="34.223119" lon="132.54485"/>
    <trkpt lat="34.223095" lon="132.544882"/>
    <trkpt lat="34.22307" lon="132.544915"/>
    <trkpt lat="34.223046" lon="132.544947"/>
    <trkpt lat="34.223022" lon="132.544979"/>
    <trkpt lat="34.222998" lon="132.545012"/>
    <trkpt lat="34.222974" lon="132.545044"/>
    <trkpt lat="34.22295" lon="132.545077"/>
    <trkpt lat="34.222926" lon="132.54511"/>
    <trkpt lat="34.222903" lon="132.545142"/>
    <trkpt lat="34.222878" lon="132.545175"/>
    <trkpt lat="34.222855" lon="132.545207"/>
    <trkpt lat="34.222831" lon="132.54524"/>
    <trkpt lat="34.222807" lon="132.545273"/>
    <trkpt lat="34.222783" lon="132.545305"/>
    <trkpt lat="34.222759" lon="132.545337"/>
    <trkpt lat="34.222735" lon="132.545369"/>
    <trkpt lat="34.222711" lon="132.545402"/>
    <trkpt lat="34.222686" lon="132.545434"/>
    <trkpt lat="34.222662" lon="132.545466"/>
    <trkpt lat="34.222639" lon="132.545499"/>
    <trkpt lat="34.222614" lon="132.545531"/>
    <trkpt lat="34.22259" lon="132.545564"/>
    <trkpt lat="34.222566" lon="132.545595"/>
    <trkpt lat="34.222542" lon="132.545628"/>
    <trkpt lat="34.222518" lon="132.54566"/>
    <trkpt lat="34.222494" lon="132.545693"/>
    <trkpt lat="34.222469" lon="132.545725"/>
    <trkpt lat="34.222446" lon="132.545757"/>
    <trkpt lat="34.222421" lon="132.54579"/>
    <trkpt lat="34.222397" lon="132.545822"/>
    <trkpt lat="34.222374" lon="132.545854"/>
    <trkpt lat="34.222349" lon="132.545887"/>
    <trkpt lat="34.222325" lon="132.545919"/>
    <trkpt lat="34.222302" lon="132.545952"/>
    <trkpt lat="34.222277" lon="132.545984"/>
    <trkpt lat="34.222253" lon="132.546017"/>
    <trkpt lat="34.222229" lon="132.54605"/>
    <trkpt lat="34.222205" lon="132.546081"/>
    <trkpt lat="34.222182" lon="132.546114"/>
    <trkpt lat="34.222157" lon="132.546146"/>
    <trkpt lat="34.222134" lon="132.546179"/>
    <trkpt lat="34.22211" lon="132.546211"/>
    <trkpt lat="34.222085" lon="132.546244"/>
    <trkpt lat="34.222062" lon="132.546277"/>
    <trkpt lat="34.222037" lon="132.546309"/>
    <trkpt lat="34.222014" lon="132.546342"/>
    <trkpt lat="34.22199" lon="132.546373"/>
    <trkpt lat="34.221965" lon="132.546406"/>
    <trkpt lat="34.221941" lon="132.546439"/>
    <trkpt lat="34.221917" lon="132.54647"/>
    <trkpt lat="34.221892" lon="132.546502"/>
    <trkpt lat="34.221867" lon="132.546533"/>
    <trkpt lat="34.221842" lon="132.546565"/>
    <trkpt lat="34.221817" lon="132.546595"/>
    <trkpt lat="34.22179" lon="132.546624"/>
    <trkpt lat="34.221763" lon="132.546654"/>
    <trkpt lat="34.221736" lon="132.546681"/>
    <trkpt lat="34.221707" lon="132.546708"/>
    <trkpt lat="34.221678" lon="132.546733"/>
    <trkpt lat="34.221647" lon="132.546757"/>
    <trkpt lat="34.221616" lon="132.546778"/>
    <trkpt lat="34.221583" lon="132.546796"/>
    <trkpt lat="34.221549" lon="132.546811"/>
    <trkpt lat="34.221515" lon="132.546823"/>
    <trkpt lat="34.22148" lon="132.546832"/>
    <trkpt lat="34.221444" lon="132.546837"/>
    <trkpt lat="34.221407" lon="132.546838"/>
    <trkpt lat="34.221371" lon="132.546838"/>
    <trkpt lat="34.221335" lon="132.546834"/>
    <trkpt lat="34.2213" lon="132.546828"/>
    <trkpt lat="34.221265" lon="132.546818"/>
    <trkpt lat="34.221231" lon="132.546805"/>
    <trkpt lat="34.221197" lon="132.54679"/>
    <trkpt lat="34.221164" lon="132.546771"/>
    <trkpt lat="34.221133" lon="132.54675"/>
    <trkpt lat="34.221101" lon="132.546729"/>
    <trkpt lat="34.221071" lon="132.546705"/>
    <trkpt lat="34.221042" lon="132.54668"/>
    <trkpt lat="34.221013" lon="132.546654"/>
    <trkpt lat="34.220985" lon="132.546627"/>
    <trkpt lat="34.220956" lon="132.546599"/>
    <trkpt lat="34.220929" lon="132.546572"/>
    <trkpt lat="34.220901" lon="132.546544"/>
    <trkpt lat="34.220873" lon="132.546517"/>
    <trkpt lat="34.220845" lon="132.546489"/>
    <trkpt lat="34.220818" lon="132.54646"/>
    <trkpt lat="34.22079" lon="132.546432"/>
    <trkpt lat="34.220763" lon="132.546405"/>
    <trkpt lat="34.220735" lon="132.546377"/>
    <trkpt lat="34.220707" lon="132.546348"/>
    <trkpt lat="34.22068" lon="132.54632"/>
    <trkpt lat="34.220652" lon="132.546292"/>
    <trkpt lat="34.220625" lon="132.546265"/>
    <trkpt lat="34.220597" lon="132.546236"/>
    <trkpt lat="34.220569" lon="132.546208"/>
    <trkpt lat="34.220542" lon="132.54618"/>
    <trkpt lat="34.220514" lon="132.546152"/>
    <trkpt lat="34.220487" lon="132.546125"/>
    <trkpt lat="34.22046" lon="132.546096"/>
    <trkpt lat="34.220432" lon="132.546068"/>
    <trkpt lat="34.220405" lon="132.546039"/>
    <trkpt lat="34.220378" lon="132.54601"/>
    <trkpt lat="34.22035" lon="132.545982"/>
    <trkpt lat="34.220323" lon="132.545954"/>
    <trkpt lat="34.220296" lon="132.545926"/>
    <trkpt lat="34.220268" lon="132.545897"/>
    <trkpt lat="34.220241" lon="132.545869"/>
    <trkpt lat="34.220214" lon="132.545841"/>
    <trkpt lat="34.220186" lon="132.545813"/>
    <trkpt lat="34.220158" lon="132.545784"/>
    <trkpt lat="34.220131" lon="132.545756"/>
    <trkpt lat="34.220103" lon="132.545729"/>
    <trkpt lat="34.220076" lon="132.545701"/>
    <trkpt lat="34.220048" lon="132.545672"/>
    <trkpt lat="34.220021" lon="132.545644"/>
    <trkpt lat="34.219993" lon="132.545616"/>
    <trkpt lat="34.219966" lon="132.545588"/>
    <trkpt lat="34.219939" lon="132.545559"/>
    <trkpt lat="34.219911" lon="132.545531"/>
    <trkpt lat="34.219884" lon="132.545503"/>
    <trkpt lat="34.219857" lon="132.545475"/>
    <trkpt lat="34.219829" lon="132.545446"/>
    <trkpt lat="34.219802" lon="132.545418"/>
    <trkpt lat="34.219774" lon="132.54539"/>
    <trkpt lat="34.219746" lon="132.545363"/>
    <trkpt lat="34.219718" lon="132.545334"/>
    <trkpt lat="34.21969" lon="132.545307"/>
    <trkpt lat="34.219663" lon="132.54528"/>
    <trkpt lat="34.219635" lon="132.545253"/>
    <trkpt lat="34.219607" lon="132.545226"/>
    <trkpt lat="34.219578" lon="132.545199"/>
    <trkpt lat="34.21955" lon="132.545173"/>
    <trkpt lat="34.219521" lon="132.545145"/>
    <trkpt lat="34.219492" lon="132.545119"/>
    <trkpt lat="34.219463" lon="132.545093"/>
    <trkpt lat="34.219435" lon="132.545068"/>
    <trkpt lat="34.219405" lon="132.545043"/>
    <trkpt lat="34.219375" lon="132.545018"/>
    <trkpt lat="34.219345" lon="132.544994"/>
    <trkpt lat="34.219315" lon="132.54497"/>
    <trkpt lat="34.219285" lon="132.544947"/>
    <trkpt lat="34.219253" lon="132.544925"/>
    <trkpt lat="34.219223" lon="132.544903"/>
    <trkpt lat="34.219191" lon="132.544881"/>
    <trkpt lat="34.21916" lon="132.544861"/>
    <trkpt lat="34.219127" lon="132.544841"/>
    <trkpt lat="34.219095" lon="132.544823"/>
    <trkpt lat="34.219062" lon="132.544804"/>
    <trkpt lat="34.219029" lon="132.544787"/>
    <trkpt lat="34.218996" lon="132.54477"/>
    <trkpt lat="34.218961" lon="132.544755"/>
    <trkpt lat="34.218928" lon="132.54474"/>
    <trkpt lat="34.218894" lon="132.544727"/>
    <trkpt lat="34.218859" lon="132.544714"/>
    <trkpt lat="34.218824" lon="132.544701"/>
    <trkpt lat="34.21879" lon="132.54469"/>
    <trkpt lat="34.218755" lon="132.544679"/>
    <trkpt lat="34.21872" lon="132.544669"/>
    <trkpt lat="34.218685" lon="132.544661"/>
    <trkpt lat="34.218649" lon="132.544652"/>
    <trkpt lat="34.218613" lon="132.544646"/>
    <trkpt lat="34.218578" lon="132.544638"/>
    <trkpt lat="34.218542" lon="132.544632"/>
    <trkpt lat="34.218506" lon="132.544627"/>
    <trkpt lat="34.21847" lon="132.544623"/>
    <trkpt lat="34.218435" lon="132.544619"/>
    <trkpt lat="34.218399" lon="132.544617"/>
    <trkpt lat="34.218363" lon="132.544617"/>
    <trkpt lat="34.218327" lon="132.544619"/>
    <trkpt lat="34.218291" lon="132.544622"/>
    <trkpt lat="34.218255" lon="132.544626"/>
    <trkpt lat="34.218219" lon="132.54463"/>
    <trkpt lat="34.218183" lon="132.544636"/>
    <trkpt lat="34.218147" lon="132.544641"/>
    <trkpt lat="34.218111" lon="132.544647"/>
    <trkpt lat="34.218075" lon="132.544652"/>
    <trkpt lat="34.21804" lon="132.544657"/>
    <trkpt lat="34.218004" lon="132.544664"/>
    <trkpt lat="34.217968" lon="132.544669"/>
    <trkpt lat="34.217933" lon="132.544676"/>
    <trkpt lat="34.217897" lon="132.544681"/>
    <trkpt lat="34.217862" lon="132.544688"/>
    <trkpt lat="34.217826" lon="132.544693"/>
    <trkpt lat="34.21779" lon="132.5447"/>
    <trkpt lat="34.217754" lon="132.544705"/>
    <trkpt lat="34.217718" lon="132.544711"/>
    <trkpt lat="34.217682" lon="132.544716"/>
    <trkpt lat="34.217647" lon="132.544723"/>
    <trkpt lat="34.217611" lon="132.544728"/>
    <trkpt lat="34.217575" lon="132.544734"/>
    <trkpt lat="34.21754" lon="132.544739"/>
    <trkpt lat="34.217504" lon="132.544745"/>
    <trkpt lat="34.217469" lon="132.544752"/>
    <trkpt lat="34.217433" lon="132.544759"/>
    <trkpt lat="34.217398" lon="132.544767"/>
    <trkpt lat="34.217362" lon="132.544776"/>
    <trkpt lat="34.217327" lon="132.544786"/>
    <trkpt lat="34.217292" lon="132.544798"/>
    <trkpt lat="34.217258" lon="132.54481"/>
    <trkpt lat="34.217224" lon="132.544823"/>
    <trkpt lat="34.217189" lon="132.544838"/>
    <trkpt lat="34.217156" lon="132.544853"/>
    <trkpt lat="34.217122" lon="132.544868"/>
    <trkpt lat="34.217088" lon="132.544885"/>
    <trkpt lat="34.217055" lon="132.544902"/>
    <trkpt lat="34.217023" lon="132.544918"/>
    <trkpt lat="34.216989" lon="132.544936"/>
    <trkpt lat="34.216956" lon="132.544953"/>
    <trkpt lat="34.216923" lon="132.544972"/>
    <trkpt lat="34.21689" lon="132.544989"/>
    <trkpt lat="34.216858" lon="132.545007"/>
    <trkpt lat="34.216824" lon="132.545025"/>
    <trkpt lat="34.216792" lon="132.545043"/>
    <trkpt lat="34.216759" lon="132.545062"/>
    <trkpt lat="34.216726" lon="132.54508"/>
    <trkpt lat="34.216694" lon="132.545098"/>
    <trkpt lat="34.216661" lon="132.545116"/>
    <trkpt lat="34.216628" lon="132.545133"/>
    <trkpt lat="34.216595" lon="132.545151"/>
    <trkpt lat="34.216562" lon="132.545168"/>
    <trkpt lat="34.216529" lon="132.545186"/>
    <trkpt lat="34.216495" lon="132.545201"/>
    <trkpt lat="34.216461" lon="132.545216"/>
    <trkpt lat="34.216427" lon="132.545229"/>
    <trkpt lat="34.216393" lon="132.545241"/>
    <trkpt lat="34.216357" lon="132.545252"/>
    <trkpt lat="34.216322" lon="132.545261"/>
    <trkpt lat="34.216286" lon="132.545268"/>
    <trkpt lat="34.216251" lon="132.545275"/>
    <trkpt lat="34.216215" lon="132.545279"/>
    <trkpt lat="34.216179" lon="132.545283"/>
    <trkpt lat="34.216143" lon="132.545288"/>
    <trkpt lat="34.216107" lon="132.545291"/>
    <trkpt lat="34.216072" lon="132.545294"/>
    <trkpt lat="34.216036" lon="132.545296"/>
    <trkpt lat="34.216" lon="132.5453"/>
    <trkpt lat="34.215964" lon="132.545302"/>
    <trkpt lat="34.215928" lon="132.545303"/>
    <trkpt lat="34.215891" lon="132.545304"/>
    <trkpt lat="34.215855" lon="132.545305"/>
    <trkpt lat="34.215819" lon="132.545305"/>
    <trkpt lat="34.215783" lon="132.545305"/>
    <trkpt lat="34.215747" lon="132.545305"/>
    <trkpt lat="34.215711" lon="132.545305"/>
    <trkpt lat="34.215675" lon="132.545305"/>
    <trkpt lat="34.215639" lon="132.545306"/>
    <trkpt lat="34.215603" lon="132.545306"/>
    <trkpt lat="34.215567" lon="132.545308"/>
    <trkpt lat="34.215531" lon="132.545309"/>
    <trkpt lat="34.215495" lon="132.545312"/>
    <trkpt lat="34.215459" lon="132.545315"/>
    <trkpt lat="34.215423" lon="132.545317"/>
    <trkpt lat="34.215387" lon="132.545319"/>
    <trkpt lat="34.215351" lon="132.545323"/>
    <trkpt lat="34.215315" lon="132.545324"/>
    <trkpt lat="34.215279" lon="132.545325"/>
    <trkpt lat="34.215243" lon="132.545326"/>
    <trkpt lat="34.215206" lon="132.545326"/>
    <trkpt lat="34.21517" lon="132.545326"/>
    <trkpt lat="34.215134" lon="132.545325"/>
    <trkpt lat="34.215098" lon="132.545323"/>
    <trkpt lat="34.215062" lon="132.545319"/>
    <trkpt lat="34.215027" lon="132.545314"/>
    <trkpt lat="34.214991" lon="132.545308"/>
    <trkpt lat="34.214956" lon="132.545301"/>
    <trkpt lat="34.21492" lon="132.545293"/>
    <trkpt lat="34.214885" lon="132.545283"/>
    <trkpt lat="34.21485" lon="132.545274"/>
    <trkpt lat="34.214815" lon="132.545263"/>
    <trkpt lat="34.21478" lon="132.545253"/>
    <trkpt lat="34.214745" lon="132.545241"/>
    <trkpt lat="34.21471" lon="132.54523"/>
    <trkpt lat="34.214676" lon="132.545218"/>
    <trkpt lat="34.21464" lon="132.545206"/>
    <trkpt lat="34.214606" lon="132.545194"/>
    <trkpt lat="34.214572" lon="132.545182"/>
    <trkpt lat="34.214537" lon="132.54517"/>
    <trkpt lat="34.214503" lon="132.545158"/>
    <trkpt lat="34.214467" lon="132.545146"/>
    <trkpt lat="34.214433" lon="132.545135"/>
    <trkpt lat="34.214398" lon="132.545123"/>
    <trkpt lat="34.214364" lon="132.545111"/>
    <trkpt lat="34.21433" lon="132.545099"/>
    <trkpt lat="34.214294" lon="132.545086"/>
    <trkpt lat="34.21426" lon="132.545074"/>
    <trkpt lat="34.214226" lon="132.545061"/>
    <trkpt lat="34.214191" lon="132.545049"/>
    <trkpt lat="34.214156" lon="132.545036"/>
    <trkpt lat="34.214122" lon="132.545023"/>
    <trkpt lat="34.214088" lon="132.54501"/>
    <trkpt lat="34.214053" lon="132.544998"/>
    <trkpt lat="34.214019" lon="132.544985"/>
    <trkpt lat="34.213984" lon="132.544973"/>
    <trkpt lat="34.213949" lon="132.54496"/>
    <trkpt lat="34.213915" lon="132.544948"/>
    <trkpt lat="34.213881" lon="132.544936"/>
    <trkpt lat="34.213846" lon="132.544923"/>
    <trkpt lat="34.213811" lon="132.544911"/>
    <trkpt lat="34.213777" lon="132.544898"/>
    <trkpt lat="34.213742" lon="132.544885"/>
    <trkpt lat="34.213708" lon="132.544873"/>
    <trkpt lat="34.213673" lon="132.54486"/>
    <trkpt lat="34.213639" lon="132.544847"/>
    <trkpt lat="34.213605" lon="132.544832"/>
    <trkpt lat="34.213571" lon="132.544819"/>
    <trkpt lat="34.213536" lon="132.544805"/>
    <trkpt lat="34.213502" lon="132.544791"/>
    <trkpt lat="34.213468" lon="132.544777"/>
    <trkpt lat="34.213434" lon="132.544764"/>
    <trkpt lat="34.213399" lon="132.544751"/>
    <trkpt lat="34.213365" lon="132.544738"/>
    <trkpt lat="34.21333" lon="132.544727"/>
    <trkpt lat="34.213295" lon="132.544716"/>
    <trkpt lat="34.21326" lon="132.544706"/>
    <trkpt lat="34.213225" lon="132.544698"/>
    <trkpt lat="34.213189" lon="132.54469"/>
    <trkpt lat="34.213153" lon="132.544682"/>
    <trkpt lat="34.213118" lon="132.544676"/>
    <trkpt lat="34.213082" lon="132.544671"/>
    <trkpt lat="34.213046" lon="132.544666"/>
    <trkpt lat="34.213011" lon="132.544662"/>
    <trkpt lat="34.212975" lon="132.544659"/>
    <trkpt lat="34.212939" lon="132.544656"/>
    <trkpt lat="34.212903" lon="132.544655"/>
    <trkpt lat="34.212867" lon="132.544654"/>
    <trkpt lat="34.212831" lon="132.544654"/>
    <trkpt lat="34.212795" lon="132.544654"/>
    <trkpt lat="34.212759" lon="132.544655"/>
    <trkpt lat="34.212722" lon="132.544657"/>
    <trkpt lat="34.212686" lon="132.54466"/>
    <trkpt lat="34.21265" lon="132.544663"/>
    <trkpt lat="34.212614" lon="132.544666"/>
    <trkpt lat="34.212578" lon="132.544669"/>
    <trkpt lat="34.212542" lon="132.544674"/>
    <trkpt lat="34.212507" lon="132.544677"/>
    <trkpt lat="34.212471" lon="132.544681"/>
    <trkpt lat="34.212435" lon="132.544686"/>
    <trkpt lat="34.212399" lon="132.544691"/>
    <trkpt lat="34.212363" lon="132.544695"/>
    <trkpt lat="34.212328" lon="132.5447"/>
    <trkpt lat="34.212292" lon="132.544704"/>
    <trkpt lat="34.212256" lon="132.544709"/>
    <trkpt lat="34.21222" lon="132.544713"/>
    <trkpt lat="34.212184" lon="132.544716"/>
    <trkpt lat="34.212147" lon="132.544719"/>
    <trkpt lat="34.212112" lon="132.544723"/>
    <trkpt lat="34.212076" lon="132.544725"/>
    <trkpt lat="34.21204" lon="132.544728"/>
    <trkpt lat="34.212004" lon="132.544731"/>
    <trkpt lat="34.211968" lon="132.544734"/>
    <trkpt lat="34.211932" lon="132.544736"/>
    <trkpt lat="34.211896" lon="132.544738"/>
    <trkpt lat="34.21186" lon="132.544739"/>
    <trkpt lat="34.211824" lon="132.544739"/>
    <trkpt lat="34.211788" lon="132.544738"/>
    <trkpt lat="34.211752" lon="132.544737"/>
    <trkpt lat="34.211716" lon="132.544735"/>
    <trkpt lat="34.21168" lon="132.544732"/>
    <trkpt lat="34.211644" lon="132.544728"/>
    <trkpt lat="34.211608" lon="132.544725"/>
    <trkpt lat="34.211572" lon="132.54472"/>
    <trkpt lat="34.211536" lon="132.544715"/>
    <trkpt lat="34.2115" lon="132.54471"/>
    <trkpt lat="34.211465" lon="132.544703"/>
    <trkpt lat="34.211429" lon="132.544697"/>
    <trkpt lat="34.211394" lon="132.54469"/>
    <trkpt lat="34.211358" lon="132.544682"/>
    <trkpt lat="34.211323" lon="132.544675"/>
    <trkpt lat="34.211288" lon="132.544666"/>
    <trkpt lat="34.211252" lon="132.544656"/>
    <trkpt lat="34.211217" lon="132.544647"/>
    <trkpt lat="34.211182" lon="132.544637"/>
    <trkpt lat="34.211147" lon="132.544626"/>
    <trkpt lat="34.211112" lon="132.544615"/>
    <trkpt lat="34.211077" lon="132.544604"/>
    <trkpt lat="34.211042" lon="132.544593"/>
    <trkpt lat="34.211007" lon="132.544582"/>
    <trkpt lat="34.210973" lon="132.544571"/>
    <trkpt lat="34.210938" lon="132.544559"/>
    <trkpt lat="34.210904" lon="132.544547"/>
    <trkpt lat="34.210868" lon="132.544535"/>
    <trkpt lat="34.210834" lon="132.544523"/>
    <trkpt lat="34.210799" lon="132.544511"/>
    <trkpt lat="34.210765" lon="132.544499"/>
    <trkpt lat="34.210731" lon="132.544487"/>
    <trkpt lat="34.210695" lon="132.544475"/>
    <trkpt lat="34.21066" lon="132.544463"/>
    <trkpt lat="34.210626" lon="132.544453"/>
    <trkpt lat="34.210591" lon="132.544443"/>
    <trkpt lat="34.210555" lon="132.544435"/>
    <trkpt lat="34.21052" lon="132.544428"/>
    <trkpt lat="34.210484" lon="132.544424"/>
    <trkpt lat="34.210448" lon="132.544422"/>
    <trkpt lat="34.210412" lon="132.544421"/>
    <trkpt lat="34.210375" lon="132.544421"/>
    <trkpt lat="34.210339" lon="132.544422"/>
    <trkpt lat="34.210303" lon="132.544423"/>
    <trkpt lat="34.210267" lon="132.544424"/>
    <trkpt lat="34.210231" lon="132.544424"/>
    <trkpt lat="34.210195" lon="132.544423"/>
    <trkpt lat="34.210159" lon="132.544419"/>
    <trkpt lat="34.210123" lon="132.544416"/>
    <trkpt lat="34.210088" lon="132.544411"/>
    <trkpt lat="34.210052" lon="132.544404"/>
    <trkpt lat="34.210017" lon="132.544397"/>
    <trkpt lat="34.209981" lon="132.544388"/>
    <trkpt lat="34.209946" lon="132.544379"/>
    <trkpt lat="34.20991" lon="132.544369"/>
    <trkpt lat="34.209875" lon="132.54436"/>
    <trkpt lat="34.20984" lon="132.54435"/>
    <trkpt lat="34.209806" lon="132.544339"/>
    <trkpt lat="34.209771" lon="132.544328"/>
    <trkpt lat="34.209736" lon="132.544318"/>
    <trkpt lat="34.2097" lon="132.544306"/>
    <trkpt lat="34.209666" lon="132.544296"/>
    <trkpt lat="34.209631" lon="132.544285"/>
    <trkpt lat="34.209596" lon="132.544273"/>
    <trkpt lat="34.209562" lon="132.544262"/>
    <trkpt lat="34.209526" lon="132.544251"/>
    <trkpt lat="34.209492" lon="132.544239"/>
    <trkpt lat="34.209457" lon="132.544227"/>
    <trkpt lat="34.209423" lon="132.544215"/>
    <trkpt lat="34.209388" lon="132.544203"/>
    <trkpt lat="34.209353" lon="132.544191"/>
    <trkpt lat="34.209319" lon="132.544178"/>
    <trkpt lat="34.209284" lon="132.544165"/>
    <trkpt lat="34.20925" lon="132.544152"/>
    <trkpt lat="34.209216" lon="132.544139"/>
    <trkpt lat="34.209181" lon="132.544126"/>
    <trkpt lat="34.209147" lon="132.544113"/>
    <trkpt lat="34.209113" lon="132.5441"/>
    <trkpt lat="34.209078" lon="132.544087"/>
    <trkpt lat="34.209043" lon="132.544075"/>
    <trkpt lat="34.209009" lon="132.544063"/>
    <trkpt lat="34.208974" lon="132.54405"/>
    <trkpt lat="34.20894" lon="132.544038"/>
    <trkpt lat="34.208905" lon="132.544026"/>
    <trkpt lat="34.20887" lon="132.544014"/>
    <trkpt lat="34.208836" lon="132.544002"/>
    <trkpt lat="34.208801" lon="132.54399"/>
    <trkpt lat="34.208767" lon="132.543978"/>
    <trkpt lat="34.208732" lon="132.543966"/>
    <trkpt lat="34.208697" lon="132.543954"/>
    <trkpt lat="34.208662" lon="132.543942"/>
    <trkpt lat="34.208628" lon="132.54393"/>
    <trkpt lat="34.208593" lon="132.543919"/>
    <trkpt lat="34.208558" lon="132.543907"/>
    <trkpt lat="34.208523" lon="132.543895"/>
    <trkpt lat="34.208489" lon="132.543883"/>
    <trkpt lat="34.208455" lon="132.543871"/>
    <trkpt lat="34.20842" lon="132.543859"/>
    <trkpt lat="34.208385" lon="132.543847"/>
    <trkpt lat="34.20835" lon="132.543834"/>
    <trkpt lat="34.208316" lon="132.543822"/>
    <trkpt lat="34.208282" lon="132.54381"/>
    <trkpt lat="34.208247" lon="132.543797"/>
    <trkpt lat="34.208212" lon="132.543785"/>
    <trkpt lat="34.208178" lon="132.543772"/>
    <trkpt lat="34.208144" lon="132.543759"/>
    <trkpt lat="34.208109" lon="132.543746"/>
    <trkpt lat="34.208074" lon="132.543734"/>
    <trkpt lat="34.20804" lon="132.543721"/>
    <trkpt lat="34.208005" lon="132.543709"/>
    <trkpt lat="34.207971" lon="132.543698"/>
    <trkpt lat="34.207936" lon="132.543686"/>
    <trkpt lat="34.2079" lon="132.543675"/>
    <trkpt lat="34.207866" lon="132.543664"/>
    <trkpt lat="34.207831" lon="132.543654"/>
    <trkpt lat="34.207796" lon="132.543644"/>
    <trkpt lat="34.207761" lon="132.543634"/>
    <trkpt lat="34.207726" lon="132.543624"/>
    <trkpt lat="34.20769" lon="132.543614"/>
    <trkpt lat="34.207655" lon="132.543604"/>
    <trkpt lat="34.20762" lon="132.543595"/>
    <trkpt lat="34.207585" lon="132.543584"/>
    <trkpt lat="34.207551" lon="132.543574"/>
    <trkpt lat="34.207516" lon="132.543562"/>
    <trkpt lat="34.20748" lon="132.543551"/>
    <trkpt lat="34.207445" lon="132.543541"/>
    <trkpt lat="34.20741" lon="132.543532"/>
    <trkpt lat="34.207375" lon="132.543523"/>
    <trkpt lat="34.20734" lon="132.543515"/>
    <trkpt lat="34.207304" lon="132.54351"/>
    <trkpt lat="34.207268" lon="132.543507"/>
    <trkpt lat="34.207232" lon="132.543504"/>
    <trkpt lat="34.207196" lon="132.543503"/>
    <trkpt lat="34.20716" lon="132.543504"/>
    <trkpt lat="34.207124" lon="132.543507"/>
    <trkpt lat="34.207088" lon="132.54351"/>
    <trkpt lat="34.207052" lon="132.543514"/>
    <trkpt lat="34.207016" lon="132.54352"/>
    <trkpt lat="34.206981" lon="132.543527"/>
    <trkpt lat="34.206945" lon="132.543536"/>
    <trkpt lat="34.20691" lon="132.543546"/>
    <trkpt lat="34.206876" lon="132.543558"/>
    <trkpt lat="34.206841" lon="132.54357"/>
    <trkpt lat="34.206806" lon="132.543583"/>
    <trkpt lat="34.206772" lon="132.543597"/>
    <trkpt lat="34.206739" lon="132.543611"/>
    <trkpt lat="34.206704" lon="132.543627"/>
    <trkpt lat="34.206671" lon="132.543644"/>
    <trkpt lat="34.206639" lon="132.543661"/>
    <trkpt lat="34.206605" lon="132.543678"/>
    <trkpt lat="34.206573" lon="132.543697"/>
    <trkpt lat="34.20654" lon="132.543715"/>
    <trkpt lat="34.206508" lon="132.543734"/>
    <trkpt lat="34.206476" lon="132.543753"/>
    <trkpt lat="34.206443" lon="132.543772"/>
    <trkpt lat="34.206411" lon="132.543791"/>
    <trkpt lat="34.206379" lon="132.543812"/>
    <trkpt lat="34.206348" lon="132.543833"/>
    <trkpt lat="34.206316" lon="132.543855"/>
    <trkpt lat="34.206286" lon="132.543879"/>
    <trkpt lat="34.206257" lon="132.543904"/>
    <trkpt lat="34.206229" lon="132.543932"/>
    <trkpt lat="34.206202" lon="132.54396"/>
    <trkpt lat="34.206175" lon="132.543989"/>
    <trkpt lat="34.206149" lon="132.544021"/>
    <trkpt lat="34.206124" lon="132.544051"/>
    <trkpt lat="34.206099" lon="132.544083"/>
    <trkpt lat="34.206073" lon="132.544112"/>
    <trkpt lat="34.206046" lon="132.544141"/>
    <trkpt lat="34.206017" lon="132.544167"/>
    <trkpt lat="34.205986" lon="132.54419"/>
    <trkpt lat="34.205953" lon="132.544206"/>
    <trkpt lat="34.205919" lon="132.544218"/>
    <trkpt lat="34.205882" lon="132.544225"/>
    <trkpt lat="34.205846" lon="132.544226"/>
    <trkpt lat="34.20581" lon="132.544225"/>
    <trkpt lat="34.205775" lon="132.544222"/>
    <trkpt lat="34.205739" lon="132.544217"/>
    <trkpt lat="34.205703" lon="132.544213"/>
    <trkpt lat="34.205667" lon="132.544209"/>
    <trkpt lat="34.205631" lon="132.544204"/>
    <trkpt lat="34.205595" lon="132.544201"/>
    <trkpt lat="34.20556" lon="132.544199"/>
    <trkpt lat="34.205524" lon="132.544196"/>
    <trkpt lat="34.205488" lon="132.544192"/>
    <trkpt lat="34.205452" lon="132.544189"/>
    <trkpt lat="34.205416" lon="132.544184"/>
    <trkpt lat="34.20538" lon="132.544176"/>
    <trkpt lat="34.205345" lon="132.544166"/>
    <trkpt lat="34.20531" lon="132.544155"/>
    <trkpt lat="34.205276" lon="132.544142"/>
    <trkpt lat="34.205242" lon="132.544127"/>
    <trkpt lat="34.205208" lon="132.544111"/>
    <trkpt lat="34.205176" lon="132.544093"/>
    <trkpt lat="34.205142" lon="132.544075"/>
    <trkpt lat="34.205111" lon="132.544057"/>
    <trkpt lat="34.205079" lon="132.544036"/>
    <trkpt lat="34.205047" lon="132.544014"/>
    <trkpt lat="34.205016" lon="132.543992"/>
    <trkpt lat="34.204986" lon="132.54397"/>
    <trkpt lat="34.204955" lon="132.543946"/>
    <trkpt lat="34.204925" lon="132.543922"/>
    <trkpt lat="34.204896" lon="132.543897"/>
    <trkpt lat="34.204866" lon="132.543872"/>
    <trkpt lat="34.204837" lon="132.543847"/>
    <trkpt lat="34.204808" lon="132.543821"/>
    <trkpt lat="34.204779" lon="132.543795"/>
    <trkpt lat="34.20475" lon="132.543769"/>
    <trkpt lat="34.204722" lon="132.543741"/>
    <trkpt lat="34.204694" lon="132.543714"/>
    <trkpt lat="34.204666" lon="132.543687"/>
    <trkpt lat="34.204639" lon="132.543659"/>
    <trkpt lat="34.204612" lon="132.543631"/>
    <trkpt lat="34.204585" lon="132.543601"/>
    <trkpt lat="34.204558" lon="132.543573"/>
    <trkpt lat="34.204531" lon="132.543544"/>
    <trkpt lat="34.204504" lon="132.543514"/>
    <trkpt lat="34.204477" lon="132.543485"/>
    <trkpt lat="34.204451" lon="132.543454"/>
    <trkpt lat="34.204425" lon="132.543425"/>
    <trkpt lat="34.204398" lon="132.543396"/>
    <trkpt lat="34.204372" lon="132.543366"/>
    <trkpt lat="34.204345" lon="132.543337"/>
    <trkpt lat="34.204318" lon="132.543309"/>
    <trkpt lat="34.204291" lon="132.54328"/>
    <trkpt lat="34.204264" lon="132.543251"/>
    <trkpt lat="34.204236" lon="132.543223"/>
    <trkpt lat="34.204208" lon="132.543196"/>
    <trkpt lat="34.20418" lon="132.543169"/>
    <trkpt lat="34.204152" lon="132.543142"/>
    <trkpt lat="34.204124" lon="132.543114"/>
    <trkpt lat="34.204096" lon="132.543087"/>
    <trkpt lat="34.204067" lon="132.54306"/>
    <trkpt lat="34.204039" lon="132.543032"/>
    <trkpt lat="34.204011" lon="132.543005"/>
    <trkpt lat="34.203984" lon="132.542977"/>
    <trkpt lat="34.203956" lon="132.542949"/>
    <trkpt lat="34.203929" lon="132.542921"/>
    <trkpt lat="34.203901" lon="132.542893"/>
    <trkpt lat="34.203874" lon="132.542863"/>
    <trkpt lat="34.203847" lon="132.542835"/>
    <trkpt lat="34.203821" lon="132.542806"/>
    <trkpt lat="34.203794" lon="132.542776"/>
    <trkpt lat="34.203767" lon="132.542747"/>
    <trkpt lat="34.203741" lon="132.542718"/>
    <trkpt lat="34.203714" lon="132.542688"/>
    <trkpt lat="34.203688" lon="132.542659"/>
    <trkpt lat="34.203662" lon="132.54263"/>
    <trkpt lat="34.203635" lon="132.5426"/>
    <trkpt lat="34.203608" lon="132.54257"/>
    <trkpt lat="34.203582" lon="132.542541"/>
    <trkpt lat="34.203556" lon="132.54251"/>
    <trkpt lat="34.20353" lon="132.542481"/>
    <trkpt lat="34.203504" lon="132.542451"/>
    <trkpt lat="34.203477" lon="132.542421"/>
    <trkpt lat="34.203451" lon="132.542392"/>
    <trkpt lat="34.203425" lon="132.542362"/>
    <trkpt lat="34.203398" lon="132.542332"/>
    <trkpt lat="34.203372" lon="132.542303"/>
    <trkpt lat="34.203346" lon="132.542272"/>
    <trkpt lat="34.20332" lon="132.542243"/>
    <trkpt lat="34.203294" lon="132.542212"/>
    <trkpt lat="34.203268" lon="132.542183"/>
    <trkpt lat="34.203242" lon="132.542153"/>
    <trkpt lat="34.203216" lon="132.542123"/>
    <trkpt lat="34.203189" lon="132.542093"/>
    <trkpt lat="34.203162" lon="132.542064"/>
    <trkpt lat="34.203136" lon="132.542033"/>
    <trkpt lat="34.20311" lon="132.542004"/>
    <trkpt lat="34.203084" lon="132.541974"/>
    <trkpt lat="34.203058" lon="132.541944"/>
    <trkpt lat="34.203032" lon="132.541915"/>
    <trkpt lat="34.203005" lon="132.541884"/>
    <trkpt lat="34.202979" lon="132.541854"/>
    <trkpt lat="34.202953" lon="132.541824"/>
    <trkpt lat="34.202927" lon="132.541794"/>
    <trkpt lat="34.202902" lon="132.541764"/>
    <trkpt lat="34.202876" lon="132.541733"/>
    <trkpt lat="34.20285" lon="132.541703"/>
    <trkpt lat="34.202824" lon="132.541672"/>
    <trkpt lat="34.202798" lon="132.541643"/>
    <trkpt lat="34.202772" lon="132.541613"/>
    <trkpt lat="34.202746" lon="132.541583"/>
    <trkpt lat="34.202719" lon="132.541554"/>
    <trkpt lat="34.202692" lon="132.541525"/>
    <trkpt lat="34.202665" lon="132.541495"/>
    <trkpt lat="34.202638" lon="132.541467"/>
    <trkpt lat="34.20261" lon="132.54144"/>
    <trkpt lat="34.202582" lon="132.541413"/>
    <trkpt lat="34.202553" lon="132.541386"/>
    <trkpt lat="34.202524" lon="132.54136"/>
    <trkpt lat="34.202494" lon="132.541337"/>
    <trkpt lat="34.202463" lon="132.541315"/>
    <trkpt lat="34.202431" lon="132.541293"/>
    <trkpt lat="34.202399" lon="132.541273"/>
    <trkpt lat="34.202366" lon="132.541256"/>
    <trkpt lat="34.202333" lon="132.54124"/>
    <trkpt lat="34.202299" lon="132.541226"/>
    <trkpt lat="34.202265" lon="132.541212"/>
    <trkpt lat="34.20223" lon="132.5412"/>
    <trkpt lat="34.202195" lon="132.541188"/>
    <trkpt lat="34.20216" lon="132.541178"/>
    <trkpt lat="34.202125" lon="132.541168"/>
    <trkpt lat="34.20209" lon="132.541159"/>
    <trkpt lat="34.202055" lon="132.541152"/>
    <trkpt lat="34.202019" lon="132.541145"/>
    <trkpt lat="34.201983" lon="132.541139"/>
    <trkpt lat="34.201947" lon="132.541134"/>
    <trkpt lat="34.201911" lon="132.54113"/>
    <trkpt lat="34.201875" lon="132.541126"/>
    <trkpt lat="34.201839" lon="132.541122"/>
    <trkpt lat="34.201803" lon="132.541119"/>
    <trkpt lat="34.201768" lon="132.541115"/>
    <trkpt lat="34.201732" lon="132.541112"/>
    <trkpt lat="34.201696" lon="132.541108"/>
    <trkpt lat="34.20166" lon="132.541104"/>
    <trkpt lat="34.201624" lon="132.541101"/>
    <trkpt lat="34.201588" lon="132.541097"/>
    <trkpt lat="34.201552" lon="132.541094"/>
    <trkpt lat="34.201516" lon="132.541091"/>
    <trkpt lat="34.20148" lon="132.541089"/>
    <trkpt lat="34.201444" lon="132.541085"/>
    <trkpt lat="34.201408" lon="132.541082"/>
    <trkpt lat="34.201372" lon="132.541079"/>
    <trkpt lat="34.201336" lon="132.541076"/>
    <trkpt lat="34.2013" lon="132.541074"/>
    <trkpt lat="34.201264" lon="132.541071"/>
    <trkpt lat="34.201228" lon="132.541069"/>
    <trkpt lat="34.201192" lon="132.541067"/>
    <trkpt lat="34.201156" lon="132.541065"/>
    <trkpt lat="34.20112" lon="132.541063"/>
    <trkpt lat="34.201084" lon="132.541059"/>
    <trkpt lat="34.201048" lon="132.541057"/>
    <trkpt lat="34.201012" lon="132.541054"/>
    <trkpt lat="34.200977" lon="132.541052"/>
    <trkpt lat="34.200941" lon="132.54105"/>
    <trkpt lat="34.200905" lon="132.541047"/>
    <trkpt lat="34.200868" lon="132.541045"/>
    <trkpt lat="34.200832" lon="132.541043"/>
    <trkpt lat="34.200796" lon="132.541042"/>
    <trkpt lat="34.20076" lon="132.54104"/>
    <trkpt lat="34.200724" lon="132.541037"/>
    <trkpt lat="34.200688" lon="132.541034"/>
    <trkpt lat="34.200652" lon="132.541031"/>
    <trkpt lat="34.200616" lon="132.541029"/>
    <trkpt lat="34.20058" lon="132.541027"/>
    <trkpt lat="34.200544" lon="132.541026"/>
    <trkpt lat="34.200508" lon="132.541024"/>
    <trkpt lat="34.200472" lon="132.541022"/>
    <trkpt lat="34.200436" lon="132.54102"/>
    <trkpt lat="34.2004" lon="132.541018"/>
    <trkpt lat="34.200364" lon="132.541016"/>
    <trkpt lat="34.200329" lon="132.541012"/>
    <trkpt lat="34.200293" lon="132.541008"/>
    <trkpt lat="34.200257" lon="132.541004"/>
    <trkpt lat="34.20022" lon="132.540999"/>
    <trkpt lat="34.200184" lon="132.540993"/>
    <trkpt lat="34.200149" lon="132.540989"/>
    <trkpt lat="34.200113" lon="132.540983"/>
    <trkpt lat="34.200077" lon="132.540978"/>
    <trkpt lat="34.200042" lon="132.540972"/>
    <trkpt lat="34.200006" lon="132.540966"/>
    <trkpt lat="34.19997" lon="132.540961"/>
    <trkpt lat="34.199935" lon="132.540954"/>
    <trkpt lat="34.199899" lon="132.540946"/>
    <trkpt lat="34.199864" lon="132.540939"/>
    <trkpt lat="34.199828" lon="132.540931"/>
    <trkpt lat="34.199792" lon="132.540924"/>
    <trkpt lat="34.199757" lon="132.540915"/>
    <trkpt lat="34.199722" lon="132.540906"/>
    <trkpt lat="34.199687" lon="132.540896"/>
    <trkpt lat="34.199652" lon="132.540887"/>
    <trkpt lat="34.199617" lon="132.540877"/>
    <trkpt lat="34.199581" lon="132.540865"/>
    <trkpt lat="34.199547" lon="132.540853"/>
    <trkpt lat="34.199513" lon="132.540841"/>
    <trkpt lat="34.199479" lon="132.540827"/>
    <trkpt lat="34.199444" lon="132.540813"/>
    <trkpt lat="34.19941" lon="132.540799"/>
    <trkpt lat="34.199377" lon="132.540783"/>
    <trkpt lat="34.199343" lon="132.540769"/>
    <trkpt lat="34.199308" lon="132.540754"/>
    <trkpt lat="34.199275" lon="132.54074"/>
    <trkpt lat="34.199241" lon="132.540726"/>
    <trkpt lat="34.199206" lon="132.540711"/>
    <trkpt lat="34.199172" lon="132.540696"/>
    <trkpt lat="34.199139" lon="132.540681"/>
    <trkpt lat="34.199105" lon="132.540667"/>
    <trkpt lat="34.19907" lon="132.540652"/>
    <trkpt lat="34.199037" lon="132.540638"/>
    <trkpt lat="34.199003" lon="132.540623"/>
    <trkpt lat="34.198969" lon="132.540607"/>
    <trkpt lat="34.198935" lon="132.540593"/>
    <trkpt lat="34.198901" lon="132.540578"/>
    <trkpt lat="34.198868" lon="132.540564"/>
    <trkpt lat="34.198833" lon="132.540549"/>
    <trkpt lat="34.198799" lon="132.540535"/>
    <trkpt lat="34.198766" lon="132.540519"/>
    <trkpt lat="34.198732" lon="132.540505"/>
    <trkpt lat="34.198697" lon="132.54049"/>
    <trkpt lat="34.198664" lon="132.540476"/>
    <trkpt lat="34.19863" lon="132.540462"/>
    <trkpt lat="34.198595" lon="132.540446"/>
    <trkpt lat="34.198562" lon="132.540432"/>
    <trkpt lat="34.198528" lon="132.540417"/>
    <trkpt lat="34.198494" lon="132.540403"/>
    <trkpt lat="34.19846" lon="132.540388"/>
    <trkpt lat="34.198427" lon="132.540372"/>
    <trkpt lat="34.198394" lon="132.540355"/>
    <trkpt lat="34.19836" lon="132.540338"/>
    <trkpt lat="34.198327" lon="132.54032"/>
    <trkpt lat="34.198294" lon="132.540303"/>
    <trkpt lat="34.198261" lon="132.540285"/>
    <trkpt lat="34.198229" lon="132.540266"/>
    <trkpt lat="34.198196" lon="132.540248"/>
    <trkpt lat="34.198164" lon="132.54023"/>
    <trkpt lat="34.19813" lon="132.540212"/>
    <trkpt lat="34.198098" lon="132.540193"/>
    <trkpt lat="34.198065" lon="132.540175"/>
    <trkpt lat="34.198032" lon="132.540156"/>
    <trkpt lat="34.198" lon="132.540139"/>
    <trkpt lat="34.197967" lon="132.54012"/>
    <trkpt lat="34.197934" lon="132.540102"/>
    <trkpt lat="34.197901" lon="132.540084"/>
    <trkpt lat="34.197869" lon="132.540066"/>
    <trkpt lat="34.197836" lon="132.540048"/>
    <trkpt lat="34.197803" lon="132.540029"/>
    <trkpt lat="34.197771" lon="132.540012"/>
    <trkpt lat="34.197737" lon="132.539993"/>
    <trkpt lat="34.197705" lon="132.539976"/>
    <trkpt lat="34.197672" lon="132.539957"/>
    <trkpt lat="34.197639" lon="132.53994"/>
    <trkpt lat="34.197606" lon="132.539923"/>
    <trkpt lat="34.197572" lon="132.539905"/>
    <trkpt lat="34.19754" lon="132.539888"/>
    <trkpt lat="34.197507" lon="132.539871"/>
    <trkpt lat="34.197473" lon="132.539853"/>
    <trkpt lat="34.197441" lon="132.539836"/>
    <trkpt lat="34.197407" lon="132.539819"/>
    <trkpt lat="34.197374" lon="132.539802"/>
    <trkpt lat="34.197342" lon="132.539785"/>
    <trkpt lat="34.197308" lon="132.539767"/>
    <trkpt lat="34.197275" lon="132.539749"/>
    <trkpt lat="34.197243" lon="132.539731"/>
    <trkpt lat="34.19721" lon="132.539712"/>
    <trkpt lat="34.197178" lon="132.539693"/>
    <trkpt lat="34.197146" lon="132.539673"/>
    <trkpt lat="34.197114" lon="132.539652"/>
    <trkpt lat="34.197083" lon="132.53963"/>
    <trkpt lat="34.197051" lon="132.539609"/>
    <trkpt lat="34.197021" lon="132.539586"/>
    <trkpt lat="34.19699" lon="132.539562"/>
    <trkpt lat="34.19696" lon="132.539538"/>
    <trkpt lat="34.196931" lon="132.539514"/>
    <trkpt lat="34.196901" lon="132.53949"/>
    <trkpt lat="34.196871" lon="132.539465"/>
    <trkpt lat="34.196841" lon="132.539441"/>
    <trkpt lat="34.196811" lon="132.539417"/>
    <trkpt lat="34.19678" lon="132.539396"/>
    <trkpt lat="34.196749" lon="132.539374"/>
    <trkpt lat="34.196717" lon="132.539353"/>
    <trkpt lat="34.196685" lon="132.539335"/>
    <trkpt lat="34.196651" lon="132.539317"/>
    <trkpt lat="34.196617" lon="132.539301"/>
    <trkpt lat="34.196584" lon="132.539288"/>
    <trkpt lat="34.196549" lon="132.539275"/>
    <trkpt lat="34.196513" lon="132.539265"/>
    <trkpt lat="34.196478" lon="132.539257"/>
    <trkpt lat="34.196443" lon="132.53925"/>
    <trkpt lat="34.196407" lon="132.539244"/>
    <trkpt lat="34.196371" lon="132.539239"/>
    <trkpt lat="34.196335" lon="132.539235"/>
    <trkpt lat="34.1963" lon="132.53923"/>
    <trkpt lat="34.196264" lon="132.539225"/>
    <trkpt lat="34.196229" lon="132.539217"/>
    <trkpt lat="34.196193" lon="132.539208"/>
    <trkpt lat="34.196158" lon="132.539197"/>
    <trkpt lat="34.196124" lon="132.539182"/>
    <trkpt lat="34.196092" lon="132.539164"/>
    <trkpt lat="34.196059" lon="132.539144"/>
    <trkpt lat="34.196029" lon="132.53912"/>
    <trkpt lat="34.196001" lon="132.539094"/>
    <trkpt lat="34.195974" lon="132.539065"/>
    <trkpt lat="34.195947" lon="132.539035"/>
    <trkpt lat="34.195922" lon="132.539003"/>
    <trkpt lat="34.195899" lon="132.538971"/>
    <trkpt lat="34.195875" lon="132.538938"/>
    <trkpt lat="34.195852" lon="132.538904"/>
    <trkpt lat="34.195829" lon="132.538871"/>
    <trkpt lat="34.195808" lon="132.538837"/>
    <trkpt lat="34.195785" lon="132.538802"/>
    <trkpt lat="34.195763" lon="132.538768"/>
    <trkpt lat="34.195741" lon="132.538734"/>
    <trkpt lat="34.195719" lon="132.538699"/>
    <trkpt lat="34.195697" lon="132.538664"/>
    <trkpt lat="34.195675" lon="132.538631"/>
    <trkpt lat="34.195654" lon="132.538596"/>
    <trkpt lat="34.195631" lon="132.538561"/>
    <trkpt lat="34.195608" lon="132.538527"/>
    <trkpt lat="34.195586" lon="132.538494"/>
    <trkpt lat="34.195563" lon="132.538461"/>
    <trkpt lat="34.195538" lon="132.538428"/>
    <trkpt lat="34.195512" lon="132.538399"/>
    <trkpt lat="34.195483" lon="132.538372"/>
    <trkpt lat="34.195453" lon="132.53835"/>
    <trkpt lat="34.195418" lon="132.538335"/>
    <trkpt lat="34.195383" lon="132.538329"/>
    <trkpt lat="34.195348" lon="132.538336"/>
    <trkpt lat="34.195316" lon="132.538357"/>
    <trkpt lat="34.195291" lon="132.538387"/>
    <trkpt lat="34.195275" lon="132.538426"/>
    <trkpt lat="34.195265" lon="132.538468"/>
    <trkpt lat="34.195261" lon="132.538511"/>
    <trkpt lat="34.19526" lon="132.538555"/>
    <trkpt lat="34.195261" lon="132.538598"/>
    <trkpt lat="34.195265" lon="132.53864"/>
    <trkpt lat="34.195269" lon="132.538684"/>
    <trkpt lat="34.19527" lon="132.538727"/>
    <trkpt lat="34.195269" lon="132.538771"/>
    <trkpt lat="34.195261" lon="132.538813"/>
    <trkpt lat="34.195246" lon="132.538852"/>
    <trkpt lat="34.195224" lon="132.538886"/>
    <trkpt lat="34.195194" lon="132.538911"/>
    <trkpt lat="34.19516" lon="132.538924"/>
    <trkpt lat="34.195124" lon="132.538925"/>
    <trkpt lat="34.195089" lon="132.538913"/>
    <trkpt lat="34.195059" lon="132.53889"/>
    <trkpt lat="34.195035" lon="132.538858"/>
    <trkpt lat="34.195018" lon="132.538819"/>
    <trkpt lat="34.195008" lon="132.538777"/>
    <trkpt lat="34.195004" lon="132.538734"/>
    <trkpt lat="34.195004" lon="132.53869"/>
    <trkpt lat="34.195006" lon="132.538648"/>
    <trkpt lat="34.195012" lon="132.538605"/>
    <trkpt lat="34.195018" lon="132.538562"/>
    <trkpt lat="34.195026" lon="132.53852"/>
    <trkpt lat="34.195037" lon="132.538477"/>
    <trkpt lat="34.195051" lon="132.538437"/>
    <trkpt lat="34.195067" lon="132.538399"/>
    <trkpt lat="34.195088" lon="132.538364"/>
    <trkpt lat="34.195115" lon="132.538336"/>
    <trkpt lat="34.195148" lon="132.538317"/>
    <trkpt lat="34.195183" lon="132.538307"/>
    <trkpt lat="34.195219" lon="132.538307"/>
    <trkpt lat="34.195253" lon="132.538317"/>
    <trkpt lat="34.195287" lon="132.538334"/>
    <trkpt lat="34.195316" lon="132.538358"/>
    <trkpt lat="34.195343" lon="132.538387"/>
    <trkpt lat="34.195364" lon="132.538422"/>
    <trkpt lat="34.195381" lon="132.538461"/>
    <trkpt lat="34.195395" lon="132.538501"/>
    <trkpt lat="34.195405" lon="132.538543"/>
    <trkpt lat="34.195413" lon="132.538585"/>
    <trkpt lat="34.195418" lon="132.538628"/>
    <trkpt lat="34.195423" lon="132.538671"/>
    <trkpt lat="34.195425" lon="132.538714"/>
    <trkpt lat="34.195426" lon="132.538758"/>
    <trkpt lat="34.195423" lon="132.538801"/>
    <trkpt lat="34.195417" lon="132.538845"/>
    <trkpt lat="34.195408" lon="132.538886"/>
    <trkpt lat="34.195396" lon="132.538927"/>
    <trkpt lat="34.195379" lon="132.538965"/>
    <trkpt lat="34.195357" lon="132.539"/>
    <trkpt lat="34.195332" lon="132.539032"/>
    <trkpt lat="34.195305" lon="132.539059"/>
    <trkpt lat="34.195274" lon="132.539083"/>
    <trkpt lat="34.195242" lon="132.539101"/>
    <trkpt lat="34.195207" lon="132.539115"/>
    <trkpt lat="34.195172" lon="132.539124"/>
    <trkpt lat="34.195136" lon="132.539127"/>
    <trkpt lat="34.1951" lon="132.539125"/>
    <trkpt lat="34.195065" lon="132.539117"/>
    <trkpt lat="34.195031" lon="132.539104"/>
    <trkpt lat="34.194998" lon="132.539086"/>
    <trkpt lat="34.194968" lon="132.539062"/>
    <trkpt lat="34.194941" lon="132.539033"/>
    <trkpt lat="34.194917" lon="132.539"/>
    <trkpt lat="34.194896" lon="132.538964"/>
    <trkpt lat="34.19488" lon="132.538926"/>
    <trkpt lat="34.194868" lon="132.538885"/>
    <trkpt lat="34.194859" lon="132.538844"/>
    <trkpt lat="34.194852" lon="132.5388"/>
    <trkpt lat="34.194849" lon="132.538757"/>
    <trkpt lat="34.194847" lon="132.538713"/>
    <trkpt lat="34.194847" lon="132.53867"/>
    <trkpt lat="34.194847" lon="132.538626"/>
    <trkpt lat="34.194849" lon="132.538583"/>
    <trkpt lat="34.19485" lon="132.53854"/>
    <trkpt lat="34.194853" lon="132.538497"/>
    <trkpt lat="34.194855" lon="132.538453"/>
    <trkpt lat="34.194858" lon="132.53841"/>
    <trkpt lat="34.194859" lon="132.538367"/>
    <trkpt lat="34.194862" lon="132.538323"/>
    <trkpt lat="34.194864" lon="132.53828"/>
    <trkpt lat="34.194867" lon="132.538236"/>
    <trkpt lat="34.194869" lon="132.538193"/>
    <trkpt lat="34.194871" lon="132.538149"/>
    <trkpt lat="34.194874" lon="132.538106"/>
    <trkpt lat="34.194877" lon="132.538062"/>
    <trkpt lat="34.194878" lon="132.53802"/>
    <trkpt lat="34.194881" lon="132.537976"/>
    <trkpt lat="34.194884" lon="132.537933"/>
    <trkpt lat="34.194886" lon="132.537889"/>
    <trkpt lat="34.194888" lon="132.537846"/>
    <trkpt lat="34.194891" lon="132.537803"/>
    <trkpt lat="34.194893" lon="132.537759"/>
    <trkpt lat="34.194896" lon="132.537716"/>
    <trkpt lat="34.194898" lon="132.537672"/>
    <trkpt lat="34.1949" lon="132.537629"/>
    <trkpt lat="34.194903" lon="132.537585"/>
    <trkpt lat="34.194905" lon="132.537543"/>
    <trkpt lat="34.194907" lon="132.537499"/>
    <trkpt lat="34.19491" lon="132.537456"/>
    <trkpt lat="34.194913" lon="132.537412"/>
    <trkpt lat="34.194914" lon="132.537369"/>
    <trkpt lat="34.194917" lon="132.537325"/>
    <trkpt lat="34.19492" lon="132.537282"/>
    <trkpt lat="34.194922" lon="132.537239"/>
    <trkpt lat="34.194924" lon="132.537195"/>
    <trkpt lat="34.194927" lon="132.537152"/>
    <trkpt lat="34.194929" lon="132.537108"/>
    <trkpt lat="34.194932" lon="132.537065"/>
    <trkpt lat="34.194934" lon="132.537022"/>
    <trkpt lat="34.194936" lon="132.536979"/>
    <trkpt lat="34.194939" lon="132.536935"/>
    <trkpt lat="34.194942" lon="132.536892"/>
    <trkpt lat="34.194943" lon="132.536848"/>
    <trkpt lat="34.194946" lon="132.536805"/>
    <trkpt lat="34.194949" lon="132.536761"/>
    <trkpt lat="34.194951" lon="132.536718"/>
    <trkpt lat="34.194954" lon="132.536675"/>
    <trkpt lat="34.194957" lon="132.536631"/>
    <trkpt lat="34.19496" lon="132.536589"/>
    <trkpt lat="34.194965" lon="132.536545"/>
    <trkpt lat="34.194971" lon="132.536503"/>
    <trkpt lat="34.194979" lon="132.53646"/>
    <trkpt lat="34.19499" lon="132.536418"/>
    <trkpt lat="34.195005" lon="132.536379"/>
    <trkpt lat="34.195023" lon="132.536341"/>
    <trkpt lat="34.195046" lon="132.536308"/>
    <trkpt lat="34.195073" lon="132.53628"/>
    <trkpt lat="34.195105" lon="132.536258"/>
    <trkpt lat="34.195138" lon="132.536243"/>
    <trkpt lat="34.195173" lon="132.536236"/>
    <trkpt lat="34.195209" lon="132.536236"/>
    <trkpt lat="34.195245" lon="132.536242"/>
    <trkpt lat="34.195279" lon="132.536257"/>
    <trkpt lat="34.195309" lon="132.536281"/>
    <trkpt lat="34.195335" lon="132.536311"/>
    <trkpt lat="34.195355" lon="132.536346"/>
    <trkpt lat="34.19537" lon="132.536387"/>
    <trkpt lat="34.195377" lon="132.536429"/>
    <trkpt lat="34.195378" lon="132.536472"/>
    <trkpt lat="34.195371" lon="132.536515"/>
    <trkpt lat="34.195358" lon="132.536555"/>
    <trkpt lat="34.195338" lon="132.536591"/>
    <trkpt lat="34.195312" lon="132.536621"/>
    <trkpt lat="34.195282" lon="132.536646"/>
    <trkpt lat="34.195249" lon="132.536663"/>
    <trkpt lat="34.195214" lon="132.53667"/>
    <trkpt lat="34.195178" lon="132.536671"/>
    <trkpt lat="34.195142" lon="132.536664"/>
    <trkpt lat="34.195109" lon="132.536647"/>
    <trkpt lat="34.195079" lon="132.536623"/>
    <trkpt lat="34.195054" lon="132.536593"/>
    <trkpt lat="34.195034" lon="132.536556"/>
    <trkpt lat="34.195023" lon="132.536515"/>
    <trkpt lat="34.195018" lon="132.536471"/>
    <trkpt lat="34.19502" lon="132.536429"/>
    <trkpt lat="34.195029" lon="132.536387"/>
    <trkpt lat="34.195045" lon="132.536347"/>
    <trkpt lat="34.195068" lon="132.536314"/>
    <trkpt lat="34.195096" lon="132.536287"/>
    <trkpt lat="34.195128" lon="132.536267"/>
    <trkpt lat="34.195162" lon="132.536255"/>
    <trkpt lat="34.195198" lon="132.536252"/>
    <trkpt lat="34.195234" lon="132.536256"/>
    <trkpt lat="34.195268" lon="132.53627"/>
    <trkpt lat="34.195298" lon="132.536293"/>
    <trkpt lat="34.195325" lon="132.536322"/>
    <trkpt lat="34.195346" lon="132.536358"/>
    <trkpt lat="34.195361" lon="132.536397"/>
    <trkpt lat="34.195371" lon="132.536439"/>
    <trkpt lat="34.195377" lon="132.536482"/>
    <trkpt lat="34.19538" lon="132.536526"/>
    <trkpt lat="34.19538" lon="132.536569"/>
    <trkpt lat="34.195377" lon="132.536613"/>
    <trkpt lat="34.195372" lon="132.536655"/>
    <trkpt lat="34.195365" lon="132.536698"/>
    <trkpt lat="34.195353" lon="132.536739"/>
    <trkpt lat="34.195334" lon="132.536776"/>
    <trkpt lat="34.195308" lon="132.536805"/>
    <trkpt lat="34.195276" lon="132.536825"/>
    <trkpt lat="34.195242" lon="132.536838"/>
    <trkpt lat="34.195206" lon="132.536846"/>
    <trkpt lat="34.19517" lon="132.536854"/>
    <trkpt lat="34.195135" lon="132.53686"/>
    <trkpt lat="34.195099" lon="132.536866"/>
    <trkpt lat="34.195064" lon="132.536871"/>
    <trkpt lat="34.195028" lon="132.536878"/>
    <trkpt lat="34.194992" lon="132.536882"/>
    <trkpt lat="34.194956" lon="132.536884"/>
    <trkpt lat="34.19492" lon="132.536883"/>
    <trkpt lat="34.194885" lon="132.536877"/>
    <trkpt lat="34.19485" lon="132.536863"/>
    <trkpt lat="34.194818" lon="132.536843"/>
    <trkpt lat="34.194788" lon="132.536818"/>
    <trkpt lat="34.19476" lon="132.536792"/>
    <trkpt lat="34.194732" lon="132.536765"/>
    <trkpt lat="34.194704" lon="132.536738"/>
    <trkpt lat="34.194674" lon="132.536713"/>
    <trkpt lat="34.194643" lon="132.53669"/>
    <trkpt lat="34.194612" lon="132.53667"/>
    <trkpt lat="34.194579" lon="132.536651"/>
    <trkpt lat="34.194546" lon="132.536634"/>
    <trkpt lat="34.194512" lon="132.536618"/>
    <trkpt lat="34.194479" lon="132.536602"/>
    <trkpt lat="34.194446" lon="132.536587"/>
    <trkpt lat="34.194412" lon="132.53657"/>
    <trkpt lat="34.194378" lon="132.536553"/>
    <trkpt lat="34.194346" lon="132.536535"/>
    <trkpt lat="34.194313" lon="132.536516"/>
    <trkpt lat="34.194283" lon="132.536494"/>
    <trkpt lat="34.194253" lon="132.536469"/>
    <trkpt lat="34.194225" lon="132.536442"/>
    <trkpt lat="34.194199" lon="132.536412"/>
    <trkpt lat="34.194175" lon="132.536379"/>
    <trkpt lat="34.194154" lon="132.536344"/>
    <trkpt lat="34.194133" lon="132.536308"/>
    <trkpt lat="34.194114" lon="132.536271"/>
    <trkpt lat="34.194096" lon="132.536233"/>
    <trkpt lat="34.194079" lon="132.536195"/>
    <trkpt lat="34.194062" lon="132.536157"/>
    <trkpt lat="34.194046" lon="132.536118"/>
    <trkpt lat="34.194029" lon="132.53608"/>
    <trkpt lat="34.194012" lon="132.536041"/>
    <trkpt lat="34.193996" lon="132.536003"/>
    <trkpt lat="34.19398" lon="132.535964"/>
    <trkpt lat="34.193963" lon="132.535925"/>
    <trkpt lat="34.193946" lon="132.535887"/>
    <trkpt lat="34.19393" lon="132.535848"/>
    <trkpt lat="34.193914" lon="132.53581"/>
    <trkpt lat="34.193897" lon="132.53577"/>
    <trkpt lat="34.193881" lon="132.535731"/>
    <trkpt lat="34.193864" lon="132.535693"/>
    <trkpt lat="34.193847" lon="132.535654"/>
    <trkpt lat="34.193831" lon="132.535616"/>
    <trkpt lat="34.193815" lon="132.535577"/>
    <trkpt lat="34.193799" lon="132.535539"/>
    <trkpt lat="34.193782" lon="132.5355"/>
    <trkpt lat="34.193765" lon="132.535461"/>
    <trkpt lat="34.193749" lon="132.535423"/>
    <trkpt lat="34.193732" lon="132.535384"/>
    <trkpt lat="34.193716" lon="132.535346"/>
    <trkpt lat="34.1937" lon="132.535306"/>
    <trkpt lat="34.193683" lon="132.535268"/>
    <trkpt lat="34.193666" lon="132.535229"/>
    <trkpt lat="34.193654" lon="132.535199"/>
    <trkpt lat="34.193654" lon="132.535199"/>
  </trkseg></trk>
</gpx>
